Engine_Temperature,RPM,Oil_Pressure,Vibration,Battery_Voltage,Coolant_Temperature,Fuel_Consumption,Vehicle_Speed,Operating_Hours,Failure
97.45071229516849,3199.677718293001,34.598573800204946,0.710630930547131,11.809205116028053,79.91488381572756,5.771837283533825,75.70370164620752,256.0981363884744,0
87.92603548243223,2962.3168414563843,38.84385063427586,1.9675379870645977,12.475037208848732,79.55903069939376,6.73813833252442,24.446380752595978,2399.5846821640343,0
99.71532807151038,2529.815184960087,33.66064063200031,2.503673359894027,12.514413497635557,63.45228192843982,6.11587963285151,74.29491299777891,4630.6518074283895,0
112.84544784612038,2176.531611147213,37.53630776288768,5.265225188808229,12.878104276674724,81.03891769958275,6.904008362517724,55.325518842965494,2048.200159622168,1
86.48769937914996,2849.111656806795,24.851082664369713,3.6678637494405097,11.406513309375338,93.79394898186094,7.571699378577622,74.14915421728762,3162.120101963436,1
86.4879456457623,2696.742692710875,41.706349658983505,1.3974221170801304,12.974053819077865,69.70921457107846,9.674308972662768,75.53863384709658,3921.1115105534036,0
113.68819223261087,2947.596610013866,40.00964380289779,3.5832435473011643,10.33648669471778,97.58179181260711,7.357681922588595,92.15830122238316,3941.2338677952494,1
101.51152093729362,2817.585900840985,33.463290951454475,1.1432352132739614,11.996092358108951,90.85329785301205,4.828748586460815,87.06907295242407,2644.4724037368296,0
82.95788421097572,3024.7763576596676,45.27396534745924,4.299229264664488,12.109380926038764,76.18920013634755,10.28013569299032,86.93143325220592,4303.964532471448,0
98.13840065378947,2232.382394219716,47.500561101012465,2.4346504178185455,13.006661460856991,83.30164435194582,6.32581973276992,88.87340638332476,2017.75265748236,0
83.04873460781306,3158.697032817163,27.13952108504821,2.887636573512995,12.518104682141495,104.1798616916924,7.882559145790743,65.82757969631892,4454.596752445512,0
83.01405369644614,2598.7998023461996,33.89820177147028,4.590955977050628,11.37554955691497,93.8025737620704,8.893073013881423,60.643701740736795,1277.113115338172,0
93.62943407349051,3537.630436312633,33.846861201701614,1.4554037176989,11.712005499346388,85.10540385877778,8.399220836805565,77.45634166356669,1473.0603942537982,0
61.30079633013303,2155.4060909552163,32.480775191129084,1.3234581778644106,12.658944007637926,82.14780019646818,10.188359095042951,74.64161902866044,360.2910585751054,0
64.12623251230451,3367.9819015826247,46.63579873545399,2.299680808384794,12.436746126508355,85.91930884541992,8.958006286785517,53.818675265234795,3998.350999057186,0
81.5656870613854,2598.9553917313237,38.44939088981757,4.24605462122318,12.036700712291402,78.85883730469236,6.277380840605784,68.09646817616536,2143.5706575402573,0
74.80753319498365,2174.290998192776,37.883881269515115,1.1767847094277892,12.115332968390417,59.743005931371826,12.357124347983323,59.29807066430811,1222.6714081658554,0
94.71370998892911,2258.0570829728395,23.969101084745972,-0.3985867177326825,13.056934397727431,109.50613492641676,8.388666926676466,42.92134183079888,1235.7723603212403,1
76.37963886718184,2339.82634590284,45.083344241673814,2.4586093699092015,12.085845941704628,86.86389999039282,7.7053195467569875,85.809214827527,4516.8597120232425,0
68.81544447997062,2712.0829732009583,30.08593284117222,3.6620889598931043,12.429527004776741,89.77776718147045,9.927850846111141,61.10398485060178,4186.191342259081,0
111.98473153382331,2761.41774401775,40.47946104213062,4.440314099686595,14.235949270464435,84.3051070014771,8.498901891860145,100.97416515397701,2812.301338250198,1
86.61335549270197,2213.1499980307103,42.21901550366553,2.4442063654975215,11.361053890492862,76.17859839130494,8.798456385878655,27.49015459600335,3118.9429220370334,0
91.01292307031886,2487.8227038695086,50.88526876670921,2.506288071460797,11.018525814740272,82.76890622861475,12.984367997201375,48.86442454313267,2424.195295696426,0
68.62877720679815,3571.135179305932,29.529436807047105,4.384680881106897,13.126871731838886,65.80726285366826,7.449757143489907,60.652776733817426,2019.1660601061635,0
81.83425913212226,3363.7715850503555,15.843902753433397,0.7563099603654955,11.957085550964717,112.32503797663966,7.364478211965208,82.74762195257829,4585.836717969824,1
91.66383884564799,2718.161834837016,41.47079635802956,2.533775069780389,12.245409977805904,70.18585601893125,8.233157024024928,67.9893874520437,715.5022472494802,0
72.73509633866546,2519.0017390841003,54.40408945208683,3.228508667910069,11.875074897495109,72.61640459383385,10.143031871162076,66.20945508361503,2150.3892696095168,0
95.63547027518509,2560.0156633591305,49.9115708235155,3.539062465542041,12.29215988738599,79.7168895473632,4.986931939619202,37.45472414891706,1788.3533491405892,0
80.99041965121792,2806.7589863652083,41.677275322197005,2.388231968170941,13.778830489677073,100.45690869822853,4.0688882170469896,36.86117205541058,2540.938529230627,0
85.62459375310085,1988.6037174007972,36.06691051494362,3.0413292140470096,13.141702766894495,85.17410799115184,6.825769458759705,66.4500932057981,2342.396185271358,0
80.97440081655904,2371.3117312883273,46.45698077309848,0.014007175904412694,13.189778809509582,70.16637044763445,4.732154081881426,32.71788012363283,2642.558705090299,0
117.78417276763406,1665.7079630612052,32.21163040236425,2.210101905199382,11.367018355365884,100.05206032908808,7.150337304948723,49.362444994213426,785.6029884122711,1
89.79754162893099,2699.6115613026395,43.81086215484975,3.544210455065361,11.579077010757704,93.77200752142578,9.004999392258581,70.01834658171715,2614.393357415058,0
74.1343360656615,2823.5979698513706,44.04376127333302,1.8212471588943846,10.228737072411658,91.46121948659743,6.218502272895472,40.35351455446448,1287.8521880473334,1
102.33817368154783,2258.406768850313,48.48167925999104,3.070781065907517,11.852495343133796,93.58881089405008,5.146346846437315,92.10711924723613,1003.2236100421371,0
71.68734525043467,3286.9933816450166,62.07728031128862,3.536247000963238,13.265362549108527,113.73234280698941,8.138674323430696,84.4787268847578,417.687672052337,1
93.13295392507133,1887.1171684988294,43.139327737430136,2.588940958970682,12.913557212598697,111.22113874043335,9.72508696923034,28.57160003323399,3836.9975379050907,1
60.60494814180336,1767.8125598950899,35.92829099434001,3.204556525195885,12.3227893896383,76.75941588396046,4.610053122966775,41.35257513636026,2194.465412197144,0
70.07720926652354,2612.225909279986,39.79540550246404,1.8447209216584652,12.482159773025558,104.48661991373382,9.640464796611969,14.284455110101,3170.554048227616,0
92.95291853803685,3023.5491513060774,25.847392760887054,2.752066464364744,11.948891565939675,89.5980182771068,9.634612407476652,44.34817274903733,3665.207382193242,0
101.07699869993115,3341.9638457289343,34.442294951287536,3.732259403507067,12.663807105921427,90.989149793653,9.908170204313256,75.32776953144798,3428.651660036412,0
92.57052421784955,2270.55786856553,36.72574049509517,3.188367553162121,13.112702623584491,64.69275002028006,10.436960429743372,51.722101154502866,2405.4535235394433,0
88.2652757641764,3039.3404167156477,35.80729281652326,2.2961624765232775,11.207290570071622,82.95537081534165,12.404027849319231,69.21594487231935,2000.7027918634763,0
85.48344456616067,2480.7457652496464,41.21883897626978,3.2690596851489517,12.739718150269878,75.24611691596122,7.287815902761889,29.553313634365118,1942.2035572392522,0
67.82217014448858,2413.6863500295904,33.420640540942394,3.8575317487639413,13.245947896763735,94.93670577871971,8.219143160155717,75.9595050916381,3236.239104957276,0
79.20233687407936,2941.8299687433364,48.96824533859577,0.5400704657070263,12.167919768829304,97.85296600483366,7.167123133503949,48.897815441433,2524.4923392151795,0
83.09041843560318,2826.16143920671,40.00165651934557,4.390888877947077,13.060560489696467,60.10616378780426,8.003953689511622,60.2433936456581,4260.748015143702,0
105.85683339328374,1711.8039215078752,39.92559743089109,2.5964943135827134,14.751723555578042,84.73558163194876,11.065746711272624,58.142509972138946,4386.039723200889,0
95.15427434352692,3238.270174862948,37.376842267896656,3.5105879198882763,12.416525765610487,98.46233805753103,5.309971032138662,34.56902958215432,935.7458522319405,0
63.554397669558995,3190.0456770737255,41.241525470871835,4.436696308374273,12.814645640004258,82.75985245223866,6.277900655668849,36.93831336520435,767.5448925740557,0
94.86125954092192,2187.218649245235,46.60078611734108,1.353991563323441,11.909554333070886,93.74876374002838,10.754361873009122,79.35588938006852,3188.9645375763976,0
84.22376579375525,2697.9017667187045,33.0629582743128,2.148670797086944,12.64500093008164,89.213985611525,10.040073013804179,67.97984315003391,1576.006165505169,0
79.84616999541062,2747.0150931413696,34.73506808739795,2.6537415649491543,12.868217299985844,89.09992278343151,7.273736706365844,81.00098083106853,190.99652194898442,0
99.17514433261302,2630.3368829119536,37.57019176978668,2.059495774650686,12.65587387221611,81.74422026318044,9.70880400224144,66.49316471005037,4454.34907987848,0
105.46499283743927,2224.84742307729,29.23303261221428,5.08192389100417,11.684243744232914,70.40103035037149,8.682431684984067,62.85981269618433,1211.8137594946604,1
103.96920178674299,2164.1883160309744,33.44593712222802,1.9718734874078487,12.665089417060361,71.54163823089968,11.000549218001975,25.479787626664667,4653.475193260465,0
77.41173715166042,2487.2229645042776,36.190233011642725,2.33334386461576,13.66975675097411,93.5122301734638,8.149019187653545,54.59266606477661,3615.428809303443,0
85.36181436223178,3086.3645096296823,46.99511344570182,3.2452668379235723,12.858908611611621,85.2334990662266,10.051264227745165,59.45231359192512,3837.002100566273,0
94.96895147105346,2771.8000772972164,42.1004906320154,1.5574205687086935,13.269589751257472,83.3378530647133,13.28402382098524,99.06214396545148,1087.1613293864862,0
104.63317690683539,2314.692833956947,41.548719290940355,2.525183145892483,12.310390423989897,79.91331949213176,9.196198310094932,73.73913264197354,1247.5526855223834,0
82.81238643232065,2885.8493553241724,46.807183697343774,3.38094391350021,13.099920191538969,81.33773385423098,8.098656331589687,90.72122363419057,2654.211993737922,0
87.21511535004274,1075.7286896849623,38.90102569280483,2.6005675147409866,12.72341427057322,97.56294153385767,9.444893970441958,71.95075411789456,943.2892779843246,0
73.40497538990958,3074.3828501860517,43.12371879943112,2.887935769320062,11.739271416250215,80.97707101758368,7.26943828359223,45.77393546101041,1596.615294146858,0
72.05690063878994,1630.1431106109503,39.17422597654003,2.364801465061955,12.7548168038391,68.90722344038117,12.775935411049463,62.342484322997024,1675.1661419442419,0
102.18788733591298,2318.7795292984338,42.12289879519703,1.1826356289830797,11.706642669247751,93.92382130648208,8.360142075391963,64.72447292528466,882.186672938544,0
110.34360042856234,1940.165052686928,35.33793073910734,3.3859118536070865,11.993695780092166,82.54148003362339,7.454133359548974,41.216888604586366,1105.3958836362876,1
88.91984817629499,1852.659262139547,20.489462733788567,5.10591968597669,12.651462645833899,85.37675038639331,6.328621989959927,52.31225246814158,3963.904025840457,1
105.05299346838036,3080.4133936892595,38.92576670250957,3.022081956940126,12.7377954187041,104.29093967679412,10.194440383212877,55.88466012645656,919.259687281615,0
95.42454037571451,2266.1493993440545,51.381985088799524,3.2703169406970596,11.548614027938296,84.75327331179392,9.734374825655477,92.11239665130236,239.44122003522017,0
80.32320368092314,2673.251940865358,47.409723217932736,3.8312673061402314,13.343188616946302,88.47020407742471,7.005291257171813,18.38518949218043,3183.8392188817984,0
95.4209340826262,2476.539710560408,47.72317987672937,1.476803404143961,12.957605022640378,70.8529181044201,9.152902690244845,84.11636841432086,4882.317285023005,0
113.07054849698955,2738.520413611561,49.88904577444974,5.043017589755527,11.936217251511293,82.36396657178848,4.982888063574287,41.26409530081234,1722.9476916532947,1
89.46260941335073,2538.4109455301277,40.7092607276915,3.2427945557073623,11.269932162840659,92.31431254250322,8.369941150146312,32.55841625460772,681.4129456616363,0
113.4696548372101,1858.5038879057151,41.57852565924477,4.9582282789069305,12.384076336734855,66.3355151939051,8.90551270415339,83.59884260076927,2894.897894300901,1
50.703823438653835,2998.13340972357,35.0587848365252,2.120360405371213,12.143245028911071,87.41014111738852,11.414659619118446,74.63796138468763,4541.135634368667,0
102.32853756562835,2253.1217084193436,37.471417151783605,5.18167430706939,12.590512365642418,86.20949287173768,6.458362394542621,85.0903740476238,3941.902721159546,1
91.30570602357257,1721.7090506701245,44.926169198169134,3.9301865928417397,12.209506671075546,85.49544946704927,5.443294742395351,76.01403895091153,3150.3277552223085,0
85.51488974301199,2285.9424195170436,49.63107549735053,3.66364810302283,10.894034511403992,97.44590678389892,6.209144078149917,101.19690003474804,1643.776833377237,1
91.37641164803253,3250.3798953171554,38.884429794552005,3.2808293452237773,12.189322449359073,89.01326217818226,5.32686299937016,71.17447673888971,2755.212849053478,0
60.18646628098661,2925.1108710567464,36.398485881188705,2.7017656583106606,12.255504711145349,102.73686278027733,10.673314715517966,56.87045247753683,547.0997223908513,0
86.70492168243732,2325.6739327960704,40.00422367085278,4.440637990168647,13.006928819819247,73.07692581287156,11.097278590048074,66.85852754642686,3426.8325789752826,0
95.35668857267619,2325.3711478407854,44.80965399143292,3.168431843817656,11.941440260311161,86.63109480662017,8.640433155897657,84.86938256691927,3652.9704925984893,0
112.16841067112274,2339.1824743913085,28.449161470931664,0.6395163556954175,13.842939738698053,86.01360143667937,10.442589891370297,44.41249349479766,4828.654952258602,1
82.22594672589528,3538.3739917804205,21.630552374902095,1.659376245951597,10.970687559478595,72.16894607493904,8.267916761160471,46.96222834937238,1375.947057850851,1
77.87259595660218,2690.9677261157767,35.59570520406733,2.776985097368703,13.548933998242099,96.47554002509615,7.809776704598468,53.820799708041854,190.43645331081095,0
82.47364434623195,2715.0208235955347,30.23430059268673,3.371998779798666,12.320544823297515,112.89607967023382,7.333924761892477,17.908344024693356,2773.481475693038,1
103.73103176553111,3015.141727015921,35.93487841882151,2.932093813320125,13.187667897874846,84.79592710619403,7.379218017244869,62.761568168350934,3563.2734715443908,0
94.93126664489526,2619.3945795132568,38.81775744946023,4.462764947752396,12.563841187246986,91.0602530592852,4.904396887381937,22.277425920979475,3972.996631826641,0
82.05359694349441,2370.4789270896486,36.374012727815895,0.6586777631536505,13.411644428820376,86.01422170978393,8.528509527214679,61.061186258652384,1049.320771821572,0
97.69901149670034,2401.825075457511,51.61974027576596,3.1723055238061924,12.190110428357752,76.4369839611139,7.919332179571913,77.30579512270499,1382.5890582814159,0
91.4561632402206,2464.199370292968,42.61395811681856,0.8184249295354142,11.62110365985775,63.15087666637581,9.490721448155751,50.46247078712329,2611.695533809752,0
104.52967485799334,2481.3888817450793,42.40379487688663,3.911654754581002,13.63640342981685,76.53071820285562,8.18704699287722,93.54231740373743,1719.943968853009,0
79.46920359183972,2863.81477181849,44.97765715234721,2.8866495426695966,12.409215483294288,68.29649942857922,7.6745925968618165,30.789982011630244,4316.506284278481,0
85.08506780103347,2525.9729429036497,30.889335057753847,3.503531966428942,12.677246778899368,105.44922493670941,6.257613939984738,83.82521363263665,2421.4247533197295,1
84.11837770301764,2866.3200386077897,48.31289429936215,1.9633404472922806,13.487801531235837,83.61868367292114,8.144306473643523,73.50274112813841,4017.9353560998147,0
68.04727577801822,2459.641709945709,39.39388570771632,4.535357917989302,11.674435806324452,80.84896805143396,9.476474461632325,25.679335033786217,2945.0368263635332,0
94.44180415596864,2539.317595158045,45.3638449379297,4.250069596870621,12.976392718111406,95.66984589745367,5.7133220178322786,114.21588598081065,3888.141693923849,0
93.91582908269834,1500.8996577339462,31.425142135678755,3.7002531636142653,12.028084194829688,71.53898676572935,8.174947507361479,58.725094289920676,1730.0976339985868,0
90.07670184963692,2958.1638373512405,27.569929871871487,2.844579303763871,12.394264515484503,75.79763154394537,8.466085903058968,42.450319556887365,4173.941447458525,0
86.4811929993728,2673.244237948996,46.54311726420023,3.6958287423541587,12.557823172307431,85.81686723098345,6.563870432763471,31.85825610431966,1445.4043462000056,0
68.76943886924379,2999.005054929826,43.01127620878013,2.1517289184151815,11.299822510842452,97.34522789708177,6.824287390184,55.59963944680652,2775.8841592161248,0
83.69032015851961,1051.8723109031553,32.78358756513992,4.026666790824854,11.876930365743652,91.02022054202546,8.461221697532428,57.45186255220081,1148.6348545519836,0
84.85928225209845,3544.1873523903637,33.04269534980244,4.979377073188705,13.580858313930511,87.97990171019059,5.7331579634147545,62.05291057079329,2430.0799559683473,0
77.96584096167572,2430.205185922413,49.00347827531816,4.284732671975023,13.208952950867836,85.9374128228322,8.699847430498785,54.044076875520794,1659.0585265926454,0
87.58071432500986,3054.0914083687585,30.484704857061377,2.1244770362311085,12.449888338138212,89.80283026632131,6.2092912526816,72.66450620230187,1406.8468101223498,0
96.06076285221808,1980.0470364372345,53.141383626047705,3.4337007807277233,12.694498766810314,87.41983486155105,10.125707386066432,52.24740334673507,4838.226588337384,0
118.29278851815795,2806.386952531285,32.79503412281705,1.4482301474896226,12.264605995490834,72.64033270267677,12.675655490776599,21.30071765519058,884.3631168849801,1
92.61866719247759,1973.292218413172,45.107135404867066,3.6868683734108108,13.585266708662386,85.55295065959781,6.27848639659636,57.012770087007176,3957.896603541237,0
93.86325586084146,2188.1155196520976,37.37105219400812,3.5407240954350465,12.33971793776467,72.11573609298696,9.06841572474935,12.650446932534436,4922.4083014677535,0
88.8833112635075,3457.015676933393,44.825499448658746,0.7562203925614033,12.685473673707879,85.97299051480988,6.546516190235962,67.0754126178278,197.51727032638138,0
61.21843177051438,2404.6587996183266,35.64708798308646,1.6058593873051634,13.416824115313652,79.23222470214111,10.08190834759558,40.413995394347296,3525.2343288062657,0
89.60229186826174,2608.7164365898616,38.69765675142165,2.6602333239074794,11.878102812123275,115.47257947339433,5.46948318182957,63.26720709831601,1339.267847225807,1
90.90345314911539,2935.033865344377,40.327353403165766,2.6389683034310085,13.747031347597515,84.52126739497946,8.961173516855425,86.28149963049208,298.3903392086918,0
126.94863168727929,2747.840943986302,31.982500353748218,1.5486276774974337,11.275630872205298,68.14912520486094,6.254022066221294,41.02502609464,2074.158936887491,1
87.11458552828316,2575.209452571788,45.92659476336101,3.4667744752226204,13.803713704890239,83.3898374718769,7.586030821803263,81.22512517024236,4682.567269837287,0
94.52321013500419,2682.4805012331126,35.894291468227316,3.3017683307286143,12.201859532838421,91.23230494765465,5.9379494497053855,51.332208666276934,157.64896239828866,0
89.47932345442135,3701.7077926191378,38.17120067727985,2.7668770416257766,12.305841001739775,105.08036735383028,9.644700941791507,95.06389604131171,2980.63989045593,1
72.46982943570703,2471.1906014832075,32.045205003131905,2.0930501998099644,10.987991863053646,77.92657120073538,6.326039291120826,52.69694773603573,2556.842745117089,1
107.14234221772531,2600.549523357484,19.501330729637516,4.2584485516998765,12.136164226097845,66.01086431171632,9.103928518663656,43.19014028986617,4379.582405418133,1
101.27899549030161,3025.327198003806,38.47177789919865,4.986488535705954,11.668154775178493,94.80204413717178,7.311803943475335,73.74476900790577,511.6084011510657,0
101.8654792056457,3052.762966478992,59.30092337290333,2.4197262193841556,12.013882923701221,68.43281552920419,7.771055256402274,51.28420540752728,3439.4775464445866,0
76.35918817807891,3093.51515278019,46.27683430318419,2.265399699414215,12.390151227368897,79.76613470191018,8.295511814800257,43.171009717419835,3432.5375223230585,0
111.04191466404149,2819.3651110145925,39.845916962124846,3.5894491984943953,13.266233291578324,81.90855417386807,6.476350656682302,50.443202985924174,3378.492082625188,1
68.97223405811579,1928.4975436347581,37.89687336633386,2.5703647443036166,12.6660826811205,84.1643985603987,8.420734227081773,59.107869356339975,4717.439025181681,0
98.80285640700406,3316.715766150548,40.17972714249637,2.832723359204119,12.746141322720892,93.26997348489203,11.060669128708822,86.84360262489707,4133.1288921337145,0
122.85683438714968,1926.827303490656,44.37695292140168,3.8875837820696058,11.62358448892355,76.79638861256335,6.443810428334571,21.31824509080846,305.66635859317944,1
75.14195512303968,2651.3177326195164,30.55349747752924,0.7087726949912487,11.795396728317815,81.71524897399887,10.34362028654769,60.46161317900842,2408.3059684521145,0
81.50553405595842,2122.862074990321,48.91457355735098,4.581962789823203,13.93898001468105,84.82875576460734,10.996195266975569,72.49807189308086,2049.9699753865343,0
91.49477047631461,2467.930826703504,45.72305052352995,3.0872166291952094,11.911839172189403,86.79517549022546,6.367690021943912,63.86897149983592,1619.72138334493,0
82.44786518825701,2664.3812051517402,45.74548580566348,2.5062082265253838,13.824966601645837,86.17392609649507,5.089890789818896,86.19730338867069,2311.5499532550766,0
66.74004853400801,2660.6786077251363,43.50780591047782,2.8929190149342614,12.305551040895306,90.23206930267096,8.60392180034353,58.51309340482951,1982.5515061372896,0
91.0284446220904,2710.9603771176426,40.15693326155192,2.9549152260246223,12.501830348914803,95.12607411570085,6.905184954466254,56.308971156281096,2218.4361094054602,0
74.06544429410843,3306.8556345293237,45.38288988773456,0.9225584358660894,13.356292128183943,89.71160938781162,11.737206438326005,71.84659094026686,4898.383141482348,0
97.10388645952773,2726.76715075699,44.734513069931026,4.793925872943883,13.517513937550925,90.44302628211062,8.069615080999665,61.98627629902699,534.3015762729458,0
76.20863648649295,2377.921682354676,37.16767431247181,3.049590758724742,12.41134995177673,66.01332199904226,6.395601183929641,52.19182523439058,4618.931262209776,0
113.24901607526309,2982.0435841441786,35.41118581682479,3.5316025565368503,12.189405557182768,85.60273238998816,5.705680977976577,70.3228807917276,2453.159896008031,1
78.25120061495645,3094.73524446232,40.814850362095896,4.141859724688851,12.45526364118223,90.75409057601931,10.179809918181661,46.9494341356671,3156.337002947752,0
85.16907725691486,1886.1960924315038,52.3921612119615,1.7746050509276399,12.770366022585694,93.7472943348454,6.857632051831627,47.776456959613455,4167.896536426701,0
102.20275826054504,2798.7000349249292,30.087143394768795,3.5681662788422743,13.213042949495804,76.69179070919446,8.087657598920856,49.44011956468773,1866.2688428313522,0
71.53703525349067,2850.5863711554493,28.25979787398048,2.6788306909214477,12.503383887195321,77.09152870133626,9.91160549022496,87.06138320332815,2209.067349631038,0
93.41189901906193,2351.218248320004,41.31808672989214,4.016124930259792,12.995109038418523,78.11079189659682,7.031483296138339,-4.420327119714273,2106.6405533656985,0
109.60714131423643,3187.8534066558095,40.407101614848145,0.4473270955782058,13.810687785816754,91.43696679869612,7.908142342519679,67.91197669525884,1936.1820104252233,0
65.88775148158159,2424.9722064837365,41.386733314963266,2.8810868397104774,12.805047689811827,97.4065726590905,7.966863180354959,60.685436284004446,4635.093676069785,0
92.76950787798457,2562.7882267357713,41.951625583268005,2.2766152130592463,12.749322284803823,80.11047871250078,9.366649023032183,26.38259081523759,4161.75646684576,0
93.89824191372635,2413.4640878580653,38.21438196292156,3.5187155407609865,11.284871339927946,95.89554776352459,9.181488671020652,66.19453558272005,634.0999503285828,0
101.72734307665965,2507.7895237907337,51.91890750881666,3.5640530248418427,10.39541589053675,86.48175770997513,7.559772537490343,69.51503983663063,629.8044271377705,1
71.44573933682878,1951.8624565523992,27.192768172187876,2.150848926213569,12.810700583384135,83.50857067405076,8.127298122993036,71.792784627148,2196.560622779657,0
70.19315080373585,1779.9745587028528,33.37202380175803,2.1453913629887476,12.424140614975302,82.46338924218438,7.256441976953023,6.963438739101022,583.4211459907644,0
97.82912348425347,3297.252531612486,39.17396191880762,2.867201557731205,12.088173860068206,93.95933637522589,5.044775186161111,87.32778823708877,3133.5561668284863,0
94.45477009849779,2076.5193258408362,26.854489510766662,1.9240293272217504,12.694824163349075,88.90693380144484,8.515201714796259,45.24526590630318,804.0888755824961,0
93.75739275518815,2004.3038252718463,38.59316476454343,4.010380434542553,12.451677016642474,112.30990513177164,11.784383521666136,73.73135493506352,2659.6289934373253,1
95.19672314245463,1423.3049431981426,53.29176132582415,2.5569513594630644,13.402224200507119,74.77330428403211,6.232561718617874,74.82147561364572,135.37774031821698,0
79.79962917632264,2180.519126155249,40.167091906367695,-0.48838586318596944,12.568888694607182,91.21722042435971,6.453940580794594,42.466058287614146,1651.322107221969,0
93.48380545741506,1838.4551032962509,41.84560724574947,2.550213532053833,11.902461371943867,78.64958788226184,6.258544456712517,73.209199047031,3418.2345459960115,0
94.39608709948021,3321.0075800681843,29.91868187861936,1.7537474149872332,13.292132991167431,74.56855615613628,9.449183557446245,52.29013518175284,2471.7908071164575,0
79.28472872960448,3004.908544671317,35.06910873568418,1.0424690214468655,12.326295140043039,84.86959435558033,8.89697090839288,18.572456413236857,4893.520481395041,0
117.98661766717134,2155.9248274111383,36.99842895740851,1.5150880341329132,12.921229346937846,86.64822975288443,7.682924615167087,83.35483851055558,4383.108600724433,1
97.10749381367681,3626.217902672154,37.45827922595013,3.1312901661995642,12.11807143504576,120.0180826607211,6.16396187672207,44.4991007396752,1859.446817311441,1
72.13044754196028,2990.882743495797,50.25315036003015,4.594368993897877,11.980138491602052,82.79025021180158,8.184753583279848,42.91013074523892,322.8840532141455,0
99.84830412950744,2337.5843082456886,44.461528485801,3.375821368637976,12.567334584148558,71.4378552461838,4.870755745328392,51.93868263926556,4243.568870563592,0
75.37977494659017,1250.2971425632134,31.108336344503744,2.2721959341411124,12.510262914834948,88.27612860993263,8.286853133714986,65.44473450654776,4565.04812054189,0
101.80626905613678,3645.471286295371,41.97203822745604,3.5470850342048434,12.883861628293467,60.10431954944358,9.743048772175868,58.85459178355796,4121.074227753281,0
107.37893368511106,1805.213766618202,43.985773987974284,2.44909162773721,12.285083397352206,83.8965186087488,5.497601726732644,70.9613384941434,726.9547105068478,0
77.68976522472434,1677.300626521554,49.12119230817013,2.1664795570042266,11.030912172983681,85.19230338754193,4.934963446340673,33.210212669426824,4989.78415862021,0
104.45064193866483,3011.28521600482,52.64432549254699,1.6147647981204187,12.153780893129289,94.53520459534253,11.15887578338972,45.152272591385305,1367.0626856085917,0
96.19171390404748,3719.8762031696365,31.87924646537705,0.8978054318979369,13.135054773715053,96.68346699313416,6.77648072099083,57.68005855356933,3648.6040727610134,0
102.33090239991735,3192.136409255259,33.51313991031729,2.5320915521286658,12.262099136605515,78.95716457310739,10.271895691887643,97.95774585317412,4549.370894045036,0
118.4518947398092,2781.95456002618,29.93937712868307,3.189664187904158,12.302893277988362,83.19263182444081,7.692004669604336,57.72374923172484,1254.8668602204762,1
86.31917825995694,2797.377170832643,38.12784112714415,2.8840515959821325,13.28910120472475,75.80655003267195,7.676090366117345,81.70444527323264,4550.4669179176235,0
78.69395753463766,2926.707779390154,43.73086699557068,2.50083968646317,11.930421418192863,71.46324934230768,8.87682539899329,60.77110337568635,1616.459738054848,0
76.65728355561716,2879.4642948933824,47.898676132712815,1.8651047271638628,11.265757425405681,88.71873735256762,6.232002286507119,50.32682725124863,4884.424789681875,0
77.76284572551843,2640.595711984688,39.39239181085982,3.729895430021962,12.371495104379605,69.7169734168408,8.264994286991291,55.06551151771119,1478.1740998643256,0
88.84347435878844,2552.100551975938,37.44121981396125,1.419441696064098,12.11266083900101,80.02447719313764,7.237021170351815,56.63160575942238,4771.835541313392,0
95.11727962224965,2468.703436050239,41.21406393798992,3.9312334966121703,11.727002944197396,73.05791248120914,5.359013113189937,72.07291477921477,362.36878937410705,0
94.15036198995028,2123.017705566662,33.31885678695981,1.7973395772879304,12.359697235281047,91.59619823548312,8.674964149452798,87.49222535153109,3575.432857182084,0
102.40774873554035,2359.662461566613,56.71630977355819,2.097077715176358,12.893204517797427,106.61716119119785,7.473384386244168,67.19361695372642,2707.344555801318,1
90.1950283781686,1653.5215929023072,27.13871178305553,1.2398577712611876,12.492569150745748,69.38094420636003,7.6859503431105844,83.74155357483511,2441.59767790138,0
111.80301115735975,2450.830186602625,41.4779246311658,2.398317423737236,12.745584858148991,62.76377820522917,5.579678113171685,40.70420524740629,1195.1221398536159,1
86.03014750143066,2005.7044464245414,56.18884975383712,4.170374950173574,13.950726158812339,83.50135737579919,11.182800735525609,51.70738982371939,3557.4193699048105,0
130.8025374988443,1948.2053413921144,40.05439875647998,3.6187537061327477,12.225696910753948,85.1883735514931,9.753428372772232,45.513949315846666,1034.966508086905,1
99.3850102164751,2589.9470755767393,38.47968771998804,4.174106534433642,12.722678907715736,87.62391168108758,9.928311768343956,66.28889181749705,2808.9248003253642,0
77.14263665375576,3196.0011431722996,37.140436617516585,3.626571055120723,12.092629309920692,79.64415381718786,7.389110595116636,52.82083229641172,1340.9022788972288,0
73.93661252908332,2959.1583030011566,38.55686654590074,1.675596205763557,11.822912224090421,82.59232841409482,4.54163422099316,74.59545874068391,4782.544760928645,0
97.23708622864778,1714.7496981884115,50.98278779741224,2.603052930806931,12.032073877265784,89.41012492648723,11.905834764979021,41.379965767351166,240.29284979469884,0
86.64805822011223,2005.1859317148312,22.305104709363945,2.063761045059045,12.116993142782649,97.48517071173806,7.877804983988264,60.86061946642563,1078.668572545059,1
100.71000741138138,2970.385593994108,52.267469610370604,4.596689884846848,12.787580638037701,61.539414756180605,6.502400407959892,73.73715822024512,1287.321971298494,0
97.09856436860318,2008.7563032308453,28.60834278039884,1.5638536242884262,14.379260629360607,80.57272673162245,8.833603148966228,18.693944499187793,2128.9323462623006,0
88.9075663101469,2387.6834250014876,37.866781366124684,4.072437227266933,11.927165250979328,87.56570552729276,10.334241576006594,102.43262614660406,1240.3781851632623,0
77.29809422897392,2775.026049512276,36.5660446376107,4.0715446441305225,12.16669975550763,73.98428674467117,7.953898887829068,54.33696230240248,2507.610542317048,0
67.27729162971204,2015.8277725681824,44.70842615816576,5.195544242059304,12.449501589511001,105.7740355812076,10.557150335878749,19.499201726476542,4375.081063966841,1
83.30227571899468,2552.68775307298,27.21500518493002,2.508376088844603,12.816639078967798,77.37508143725516,10.165999877033737,63.16187797153572,3589.110764904937,0
102.84598191485209,1832.9872525408978,43.697381328655545,3.8547865914961945,12.710840649563828,84.5044877559126,5.847237625195883,60.66886935946302,2941.813704622044,0
93.21140616195306,2199.316178024393,56.194476986294816,5.737982203846611,13.527276635158493,91.6722651621075,6.652419788681048,58.36211240855014,536.1155721151304,1
71.31391831932018,2659.8909670712683,29.094607963257516,2.258829987679564,10.558886343571833,77.90458253437727,9.915074326559536,79.82382225853333,3500.5613311074503,1
92.59771388776772,1703.5031332341655,41.51764934088317,1.1579517029611686,10.590456103843461,62.841123426346996,2.574774872379124,74.94889942854113,915.4299931236053,1
95.77976069593255,2720.2373689801993,34.704142577627124,0.7439879593106835,12.10329746239188,79.8561456770016,7.701088613670023,65.95752382047691,3953.20019121232,0
76.742138456983,2490.1811005366594,43.40709764954428,3.8552544346335975,13.377840150034967,97.3532866711245,5.138337596750656,69.00311267893295,1325.2781166997506,0
92.30587658918292,2776.244977208574,40.15318221932602,0.7402197503296994,11.247481574715522,80.95725847857834,7.04689239713295,57.91283101123827,2143.538768772414,0
90.87313077669,2611.9570670323305,34.86810472764552,2.5532171364744927,10.093894128244994,74.84278838249226,7.402359821941592,95.50981698480096,1817.3039913578468,1
72.85544553254066,3182.070214986922,43.90297827896859,3.5247758244467526,12.956943524975367,96.10806651403266,7.283511244184984,30.416079632844667,4308.1881819067985,0
95.36681040522424,2562.612251323954,54.43478487829395,3.222210644195897,12.69492577896217,81.03070124772337,6.895477495774783,62.79303348431793,720.0678476956999,0
98.41176789552351,2285.2972294373735,38.47276966618161,3.510533837021007,11.627833274560457,78.87807023619739,5.805712700742372,61.300492623775604,2871.659923685464,0
106.24576864762915,2561.148751516142,45.75806353718546,3.2667478269610246,11.711568319423256,86.79347307595971,12.583822533637372,76.26560812129186,796.1018862710049,0
105.80703078052355,2771.649014518194,29.65381633703069,4.534638975976072,11.72420502429226,94.24900251542545,11.734924008322702,43.12292245150201,3553.499597047715,0
69.33495948064363,2524.430035162852,32.34850898545593,1.8572203431134438,12.588428253979153,113.58056238079055,5.675868359487434,25.12654795206928,4534.8828261929575,1
75.93262440127316,2520.295845601941,43.77925022304302,2.1876058338497626,11.998947779053594,94.92683329188908,11.164233502607134,63.13646032196387,2229.5775039495416,0
97.7255290081299,2149.0041560966224,51.87292822828772,2.0728086656750113,12.895251135180416,98.91807959666014,7.2010690190542945,65.62460984437209,2491.652075298382,0
97.70678926368313,2168.549541224526,42.84490679028528,3.9962301742351323,10.216298669676487,78.92840561214574,8.258374946663421,89.79198818895298,4644.371898765535,1
97.72571529459071,1798.6973641001532,37.495535755814764,4.080478306074077,11.81451850789776,72.68958272836629,7.873452080206168,34.59275907349827,2652.8578043818497,0
147.7909723598208,3374.7883715934695,39.99433124338683,3.54147038318221,11.59915683127116,85.74797619542947,6.680502717492068,83.0938753343344,2489.2323464428487,1
98.5633576603975,1878.0683823043573,29.99673812824226,4.420192400267913,12.294927457302006,86.28603898311515,9.967704687212294,107.34828728054242,2933.8126032510904,0
107.03348460270898,2153.5474011020465,44.836122610842935,1.5863509591483431,12.069561793207889,72.05784710362484,8.251773061153315,52.44470224955046,3477.2257081784646,0
104.31002645239803,2140.7963672154015,47.05866449858728,5.000668933861364,13.138275023916613,82.89646564115185,7.046897153561517,34.18115561013552,623.7285379264538,1
99.77086876958697,2947.4621884722205,36.38327733733536,4.82788634605471,11.012530582671953,89.79181122062957,5.390821112399054,51.86051267253258,4123.4415859334285,0
85.27096133039481,2352.525160853986,36.239662817923985,3.882746396694896,12.536393181064602,89.32472074021696,6.212809972561759,60.280099347427615,2233.9746345209705,0
101.38453830739901,3123.871036336867,42.12702583721639,5.138158690525271,12.946669138569364,91.05145424061126,4.717239768795807,71.2757575001383,454.50769849767914,1
78.40762178193643,2163.254687878066,36.506242111675235,1.0120521507866715,13.985317949249565,88.49157676164931,8.02444709683034,48.17210540323905,3952.2950790712443,0
86.44772089889986,2639.497081111901,39.47093908299342,2.3706622364848178,12.11458722312522,78.91589608875933,5.606668815431208,91.10397068294684,1947.0548612627333,0
82.71954678256344,2082.326473370121,56.79777431333213,2.117635847181657,12.759566883482014,78.83319248021388,7.468878974962918,37.709353699838765,591.8007259657643,0
91.22811209079484,3572.5745638866942,38.02379439403202,3.865775188508812,11.056909765950108,70.61258322407349,10.740203707220742,25.215896956544,3205.5172937619277,0
124.71987850010262,1906.2007904852435,37.13327878383022,1.7398311124774253,10.586435036549581,106.41730047022114,10.398599145843171,82.13420848574634,4412.643631824844,1
61.99102211112378,2654.9103551135136,34.81966555491873,3.9089941792049827,13.17581950062536,85.16140437543152,7.935446211794765,14.507579375876006,4449.992196128533,0
100.2939028556177,2816.8884404660494,45.9535357719995,4.644643372796056,12.495551765081544,82.30176333046178,7.8258305477137,55.917404622545675,4792.551026563969,0
65.80926193215522,2706.899548725749,38.550206614255174,3.834243480100799,13.442810151838739,73.85449502257049,11.759749098842017,122.35362258416095,4351.7567528567715,0
82.92102201315849,2407.356170561146,34.805015693428594,3.3405012283938014,11.401277688824202,120.22789482793334,9.041512240717422,59.75912894080137,110.49050479282859,1
106.33425895451049,2435.089650133287,50.5704322581841,1.814551990919101,12.915921711623001,72.12006361332526,7.344387080246954,37.58464698607501,1963.181715425612,0
90.96420028643195,2521.9057359895546,51.356824036109096,1.9837788406495624,13.995054272435082,79.85382489272712,5.147963765759096,58.852050724264124,4110.858641536965,0
73.8338283310604,2426.4989991857556,35.19661147409036,4.4995426863559995,12.835764486685813,89.99004203543272,8.787746436329487,58.98398422760933,1894.6397293925236,0
79.27044436110047,2981.9395583974547,25.06768038911507,3.9352188046863987,12.72126520447284,92.20255558893133,9.658647545165724,63.212998807062334,3047.58768126056,0
100.19396623402014,3605.2615007956756,48.06010951869538,2.953176576746947,12.50684486465948,96.4951846625882,6.736696950972712,73.2452596431924,3070.953042135207,0
79.04450052424295,2221.254107496083,34.52296139391997,2.4985085450809312,11.24329483429927,106.69130209323116,8.582405510276065,39.21777663264521,1888.623989790233,1
93.24687884372962,1815.098510210461,46.32500479330215,0.5690305522663479,13.584458348568278,91.07389186552855,7.272853410169942,93.75096110473586,4531.922243678309,0
90.6835775985572,2455.8589758243725,24.239169458305316,1.7149770975786736,12.011313888155946,72.32763040039998,7.631935201601994,64.90228568745236,2565.818892391976,1
80.22599478591275,3789.854668827159,47.14077870639447,5.2937029045676685,12.903586605106414,81.91665849853862,3.0243558848753374,74.53588092803608,2377.442609093754,1
122.15916133987989,2098.1627160151347,30.31062456575375,1.4634533147970399,11.249572554742997,88.69398847016662,7.556437192567729,47.43701200488715,4987.8173537432895,1
99.50878533477017,3319.558402722034,45.846112952532195,3.2273757854652967,11.556432268393776,109.81871249806989,9.938738604816109,85.72764273991066,2518.1517839558214,1
59.622861200135894,3338.8504070382205,40.114184542691476,4.208932767834238,13.648069919377788,68.22633425890844,6.737194888866884,54.85895182373871,974.1514344500472,0
92.79681472154141,2223.2058791460026,32.36848464482684,1.4940927983972492,12.222158168833726,99.43091806270273,8.105052736430633,65.55105026987063,2614.0401720308464,0
80.07320302847418,2784.4915395926378,36.74370949658576,3.2216525697372997,13.662620380834035,87.158972434557,6.488098586616159,41.33787845625781,4088.6820040476573,0
102.78650002194335,3314.198311564269,45.49054765565361,4.125498645012786,12.437415472753186,95.05396642275377,8.720883352585545,40.06136747195747,3906.615601801579,0
78.11218892350949,2310.4361295062563,40.847155624921875,3.0149991862887005,11.026481781633715,83.77606340036881,7.566953604927653,73.76410612905765,3964.050649031508,0
88.27895337799652,2398.209819948819,44.67530384377987,6.442083666800122,13.213654079785377,74.89080843848409,6.121516918635987,51.12786339585228,3569.316541589768,1
97.57480918470685,2209.159543025678,55.81152467612388,0.9976808893461659,12.028086145795514,94.01047335281598,10.665102935330255,42.923538249912454,1345.6673624267723,0
102.98632791255181,1992.6216346535666,27.486067106311587,4.270474235860655,13.058951050813635,92.85317232526745,9.85786402706443,47.13633315945939,4324.212020617134,0
71.99555389416335,2175.3612274669963,52.93770059974899,2.7926379151242426,12.520168694032066,96.66468358887667,6.790186472143651,73.97906143434842,4477.872980343699,0
84.98248146238578,1888.029866618872,40.8348475001857,3.92630418580401,11.265505417645704,84.84034437545638,8.995576618835555,47.419242775927785,1051.3482134308904,0
82.87582033258566,2517.041734129613,32.80972761341498,3.529568582039095,12.631435812296456,77.8021357201618,9.074824005640762,57.646901367956715,739.2326191018302,0
80.20006151139432,2115.0133844706793,29.35749099408808,2.1202125634680042,14.25697851372224,66.2945560597139,9.284602470022351,60.30055500574194,4880.464346086649,0
116.48181360421646,2616.8929558953737,38.48703687378373,3.2747956709512085,12.894389166811568,94.83247921767287,4.6114882080098445,21.653022279794023,4354.787421886803,1
96.07472566441433,1722.0521768981862,47.37320089539568,0.7705182583220553,12.45398579759563,90.08667378932783,10.013213082065256,30.57747189252964,4476.857121328739,0
71.08674068497433,2665.4401161072287,38.97960703697973,3.7238970006856724,13.360274721565519,73.41060840563249,6.860602074148537,66.72555778495125,4443.244284659536,0
103.76792920582164,2916.7644808044624,52.089239441978776,3.3577901591886308,12.668534772162488,78.53711592044051,7.284344133117466,45.25941277694606,2754.265437765269,0
121.8323429551895,1503.1321787142724,28.390594479587527,3.7663922023717227,12.667627384210235,79.39889425658271,13.2757635045204,81.13449822560837,3267.3685096624185,1
105.4869789082672,2687.028284923786,39.903288417231565,4.26974199010458,11.626699862272718,67.20418681621098,8.603746761442023,79.33614208501089,2772.277975454844,0
67.2094505106898,3113.8344962366464,29.980852444695046,3.441143808251653,12.687078420631678,75.1878112407384,7.227355049105649,74.38337332710874,350.91111103261244,0
82.73648890700623,1895.1794906543973,42.90905506099974,3.1777073037579315,13.328354733133557,71.39403571832375,3.589411254488188,96.39543574625195,3752.965118228586,0
109.00366723779933,3336.286193418852,47.0950991207784,1.9427179960064493,11.83115027831998,80.05025185734476,10.779528267892712,58.33821344513634,2576.1269633458132,0
79.38495801571828,2709.5095046830224,36.633905650551576,2.1453350836211387,13.639596656997558,76.13563002004524,5.309580658382795,72.97763851807679,3273.774466472126,0
96.65729142219342,2147.4940721207954,19.166289146982926,4.424081544212797,12.426635180683899,65.47594094959902,5.993122193000993,48.311980468079376,2562.9350443801227,1
101.61951080144006,2472.115461171147,41.59158517437196,4.723602486847174,11.789784390769167,109.27108276683379,7.337295401824302,109.04739825737448,2509.875479380034,1
76.09604292632875,2779.163456260861,43.49390841386808,2.714267476425535,13.298105661536196,100.03048877235076,10.832823583400586,99.67267304872038,941.7666364410575,0
89.10711965907299,2538.002695706206,43.23435803969358,3.055203296703929,12.270564611409384,75.65176694176017,9.546479973331518,60.23760869035584,1465.69720419163,0
41.38098989896391,2769.3779962231847,49.88625753457723,1.9144627500074807,13.107611909988886,88.26905675984332,7.68432498031948,67.73172459810384,878.3781905253834,0
74.63418537998565,2039.663203460317,31.431570562807607,4.407308214320934,12.266593094193171,90.00958107785554,8.616584127277642,87.18595198729611,1058.764848564178,0
86.2114777291026,2584.680412018039,45.4417288436036,3.7985001884301344,12.452139085176077,99.29303025728171,6.799228614257789,57.05720990371786,4867.589164059494,0
71.28325227052726,1793.1427515475098,49.5400600998238,5.329460923756499,12.894848163467433,75.17673968007905,8.279307379130701,46.86751858400591,850.2558842837723,1
114.48616955897452,2444.3869693256497,25.771299327947865,1.9460123073843134,12.732717646072004,98.10528140778911,8.146673489556273,77.47979502013766,1419.4250790955175,1
68.54787933059052,2048.046179267605,42.55721460735182,2.5463905211781395,10.90357457563861,78.42513634951678,9.937539791362706,61.568784921673405,2993.889322919066,1
83.39933269954524,2132.2350287051167,35.96656135193863,3.277735107030687,11.603005007924487,68.96965114997664,9.934356244877899,63.65988899290521,3089.875023559545,0
91.96110865929137,3118.0465876052185,39.34781861518683,3.775787445270925,13.243527987832653,93.68963871177397,8.98795476441129,43.31457313864069,854.4732357447624,0
111.61909933599173,3045.6550602971347,42.78141186830669,2.7411988349428413,12.394290728878762,100.48910108946913,7.275304884907795,25.646557032732076,3989.2153863475405,1
68.46206773230841,2804.5690604535885,36.10217148709158,1.9524466914555596,12.081014957782862,116.05490768236822,9.483644588780253,64.72284819758202,3947.4940527728427,1
107.4474562823244,1953.8436176637106,34.59433536670711,4.057689034708285,11.41314078779402,70.60329681891744,7.816063067593907,78.099240829884,1262.8567505990663,0
90.1534959152938,2341.795775152599,40.273219339904195,3.865362435054698,11.636210942979321,93.38703622096946,5.836171262573734,55.483865018479165,1514.464883109756,0
75.27737023428074,3106.548849989592,31.302032489097577,1.9004710793235302,10.882561088030442,80.0823850744776,7.1934244161781224,88.72859039117733,4696.140540751535,1
96.93155211394907,2570.858456819952,31.313398968918516,4.626531361326595,12.418975425038774,94.40030452628838,8.169053967568649,45.921673491689106,4145.790085299443,0
92.98589543360205,3659.664769990847,45.43498626365203,4.4042384510359245,12.021249935535163,67.35412538522499,9.820431567329491,38.905910900681604,3519.205462006367,0
80.99674684261808,2696.658919697186,30.80964771873075,3.1611557966973516,11.726729687211748,69.84676269161723,7.632943655685694,58.655393856077374,502.9427854019426,0
91.04703127485028,2596.0245582450157,45.3305000072737,3.0955174348512435,12.445501259865637,75.6895021220022,5.581602577520788,58.34814849297419,2149.493996422621,0
84.2202960470736,2345.4417678987493,43.70073034283161,3.6648693253390885,12.791176504682191,85.94756854801702,8.11348336659364,75.39937462670446,2840.5791731764525,0
91.70276017876873,2566.770452391141,26.193546169675226,1.9659563156924902,14.174558345767956,77.30702480153974,8.226912080113104,44.500743518720306,1018.315311120507,0
99.9319601178157,2423.765081809728,34.57948278131476,3.0360377749968985,11.29049326434943,92.90865212696103,8.371675257805506,87.36188473629795,2296.3102523303,0
113.79025224218029,2854.054338344295,49.55287522437898,0.41713974646898366,13.427504834640418,97.32273541909497,9.83974303190886,99.33833925016506,3045.026799694581,1
71.43276751759726,2978.3511583972922,32.15067575088255,4.051746774603522,13.278481248812058,92.19493049494427,10.037846480179796,59.217119460633164,1704.1457325654562,0
121.995500619844,2107.005269746025,36.2847659015249,1.1262081330697689,11.87672580849864,104.42545167593042,6.811578255236666,84.99420840368637,3926.629612857387,1
60.71868300716247,1834.3835232211109,43.69648714601517,4.804103794114798,12.662588763668825,89.98991955346412,6.767713083902113,38.870058587494796,4218.202950030147,0
87.72322357446625,1581.8973134483517,46.267124074260764,2.6038558872402597,12.133893400529908,70.397239475918,5.919602578089053,81.50443082363832,1685.6864002269467,0
98.82475809726864,2753.995663456272,37.987688911644035,2.745999621682588,12.648550864334991,101.36051816246008,9.397631340560952,80.94552817118925,4209.42005701304,0
94.2148780160255,1948.3166969130632,35.21991844246687,2.2467193126985934,13.70730481072364,77.73812517272803,10.89764021667543,77.26874560379757,607.5251739047736,0
80.65950720269109,1423.5547035237585,51.37895889358806,2.6543533512935085,12.98448498610505,95.92502199622683,7.369836144182154,59.68873822259412,4204.872583251016,0
86.87816624464087,2694.289302265482,53.91119731038063,4.702237614177644,12.906886698586753,103.88481059866128,7.5171388705500135,0.9150211751593744,848.4771151713213,0
82.6049859801175,3746.4997587163953,47.83086440625436,0.014629612157904592,12.155752544036286,90.4802561287648,10.933565113797952,47.16545712695741,506.3430472976576,0
81.15952864583683,2496.9645442300534,40.68254514052019,4.532358463305825,11.312754668060531,67.0460942420242,9.011115706430015,47.48167964630796,3244.6994817609548,0
102.74403145531537,2919.245387225821,33.53387422687259,3.4056281773220496,12.333225431567673,73.9814540018825,8.87247140960211,40.43490123879045,2412.493092200942,0
95.35523228947571,2540.9146792737824,33.35644474754748,1.5515740225713415,13.465286523891132,100.87293360262163,5.618166988052547,62.444860090941326,4548.66394202288,0
79.60635607109019,2450.555173404429,44.18011284212606,1.7096251283409145,11.278265714728281,82.9705277722862,9.357456138558838,51.62073108957531,1879.6270608451612,0
103.49399813149876,2959.5382414938845,43.34718576710947,5.011671632649843,11.655928505458643,85.95488241930599,6.141727318980483,43.50775980469956,1507.0460908443806,1
94.60949281314915,2354.8627279056745,51.21278874357144,1.8653917440687227,12.601014188987255,94.10589299396331,5.731959628130084,38.823997035043604,2553.601040106572,0
102.1929317825844,2633.6961570359513,45.20360074028911,1.6159793872848487,11.71227617212219,93.35587434496388,7.306456846466576,45.689740290295425,2334.1363102664404,0
99.44443262885419,2660.8489030980068,27.975357585921458,4.364777450837675,11.86598124230783,88.34559774862552,6.82841455310262,82.42998423699856,1787.6974264642224,0
77.56507483616892,2165.9547731784755,48.41558094178335,3.406263451543097,12.161121134617458,82.49597954535442,7.556800611229922,46.77949890745012,3499.33236362181,0
81.59728439704546,2996.0211747682615,32.0155149814847,1.8744893081563214,11.40750607664788,81.24797865121171,5.118036730950163,49.70122587133455,3821.852986178151,0
101.20940407684893,2412.5201216522955,36.92822982438119,3.259949970485543,11.720702523026905,95.29478590349612,9.917632612935344,50.86604769953507,4279.62144824767,0
99.15555398150197,2122.127420253578,42.001601650013555,1.7690967796316672,13.062742333429847,91.64283437281352,10.255372589032858,66.77987027618839,4866.99736308068,0
89.68647609053778,2768.254921785202,55.96533991827172,4.320985678107126,11.454104174215228,81.91239999258653,4.105315051718371,69.12498977057065,1406.615341449272,0
91.75991074963173,2050.7660091044813,64.87934844804289,4.27364515784776,11.22170229240413,97.98534775591769,9.9569156113331,-0.8931307848632386,3608.8580642008114,0
109.16497343682637,2514.090578684564,44.85378447308946,3.6384074385863316,11.995980016372885,83.4515906184426,6.378942740356747,80.43270427655216,2031.8653539291518,0
81.12642916746255,2495.4405016778983,38.5344270502369,3.43399327349642,13.085564402007877,74.78005390798728,9.713951073965571,88.72736068487508,3417.7016625604297,0
98.20646071755057,3042.947782915789,44.2760451878444,5.113425749840848,12.342462553602488,75.89235161315986,7.863107014667169,38.99626925276661,2432.3102827111798,1
86.9671102134916,2737.3491164399766,47.10124340699069,2.9996235928658703,12.128335137507506,73.25510996428281,8.057551128161997,40.554035105303306,4969.488203562865,0
86.7347819515917,2487.486520627428,37.43465899554246,1.5817510494950386,12.535487038012485,81.73107980075575,7.629804701157562,50.99493224443457,3671.6204653746745,0
106.48165277980786,2908.8831496001435,54.361690847298576,3.5393686953987684,11.103434053712277,99.80469134003431,10.424258408466972,44.8799196108679,4767.20737212819,0
102.38124523482045,3195.103774508657,41.840566073531214,5.503256459444536,12.895764523020025,75.33885782763389,5.520823974949943,64.47853747893213,4191.35079245781,1
102.20264454000957,2778.905153175931,43.981944712731156,1.7822886081769775,12.806748025122916,87.26170913221723,9.215680677470017,21.069494272822716,4524.214954700518,0
109.58218210731494,2505.1763099216905,45.32739401643569,2.566244679967217,12.172553220723422,77.11972785247104,10.2026603297791,37.641447839265204,4090.654066351907,0
90.31505762449139,1844.0818838249202,43.372692884915644,3.499735245721743,13.304739609437133,81.87629150474275,9.432680161080821,90.78394400349815,2349.8797388419657,0
100.22929456942445,1967.4431684623137,46.7115240037569,2.935314181193113,11.59800312083757,66.87950545617697,12.649397828646835,41.43560065303964,1333.7634213997335,0
85.34599865109816,2347.387647822666,35.06197450762461,1.8212357035472226,13.402327194602854,82.35354125012155,6.942106474550602,84.8685655620585,1914.5688597075589,0
94.86249528732664,2195.2438989203583,35.53358596843176,4.346229427476565,12.623594932476202,82.67553544234046,9.914609645187063,67.10676391180274,199.1575399357572,0
88.04785418448473,2406.514348507277,31.19876613622644,5.7840488664207115,12.23075792809746,91.48345532842835,7.787818729317159,23.814645708234835,2667.566520576869,1
91.45493947489078,2528.3249624485534,43.516009844961815,3.2353577508286886,12.48410109170535,87.67937095906444,10.466812152705339,72.70658390432412,2574.7832213250026,0
98.92735538155371,2764.8463771783654,46.23149202809691,1.9151180523167997,12.414188187351247,70.61929450057545,7.9846220085572615,57.646653956142934,2673.727277669392,0
77.72668975149791,2464.7506109704545,43.662182929215085,1.14124736993583,13.476226317134174,98.01037892852251,7.224248436275061,50.89065887500519,4872.7530023631125,0
121.3858091352819,2743.250821913101,53.3959394667803,3.309571177465417,11.638656698023189,87.52363648266395,10.612144407743259,64.89914186344008,4566.124616928712,1
74.90973927750447,2532.23720740506,39.95523184936763,4.324652811979509,11.889984608682722,87.38072220612985,7.01687612196214,69.49266971133585,892.3926138175292,0
71.78717080818402,1512.2667168230644,45.3499332447401,3.5702012957944578,13.329042313657984,84.88981175937833,5.174548482198888,74.1518364394924,1907.524355623857,0
107.37166310250102,2030.3323030906229,31.266392990885485,2.9971153908973753,12.023572051852913,78.78691063333336,6.966306233652343,83.56505695096004,2177.3852793699834,0
101.87494040944404,2427.956222139192,36.90320238020479,2.2928740178528324,13.220426461865273,87.61362807698471,9.238065893177065,68.16271825556713,1866.611297473074,0
99.36179725578234,1895.1526285794462,45.56430206052622,1.6894036407382924,13.859548786406968,90.70706123114299,10.784077503174183,32.48731822427276,4012.630221659174,0
99.4251826389642,2799.964364998102,46.79281688594515,4.001701591589859,12.178563978446693,64.03725170385334,8.222258750593024,50.52709084697618,2667.784582351176,0
89.81629840729629,3265.375416171849,37.648264418686544,4.096525945662703,13.045089861260244,78.53486995184686,10.63639413446805,118.86096670537242,2903.289103160963,0
76.54118442771252,3109.380925848658,39.427205985135465,1.1451242559711203,11.577046174928114,81.94063635515693,5.2836501570448124,74.48982120763455,4279.766439040835,0
91.1370683729059,2393.278564534896,27.857010026553525,4.90780677381682,13.103786638454247,88.07404726833134,7.113473070364194,107.38574601622994,4049.0479517352574,0
79.84257432731832,3245.363068424976,37.143766393547125,3.6888854650728016,12.659539188789413,99.31973207112551,7.422849765691797,87.9086816439837,747.8364618194685,0
104.62679600126627,2574.3337286010556,47.12306530815829,4.679513574174952,12.878430625728171,75.73911022483861,7.770881145054961,64.83604143111498,3598.181462009808,0
87.79413927746792,2331.4570144409804,44.60164012885253,1.389446701817862,11.983542342371685,79.0244578381859,8.168188776500394,66.02814139562236,2233.637031619974,0
77.61754204811233,2193.29866822953,44.00532577104968,1.3610110135014735,11.171133267546262,78.8495906722414,9.381821914784386,59.26839920246309,1543.7796250062522,0
85.1792123752051,2348.765156755936,40.39818949744768,2.8212368282792437,12.902601651799603,75.3816689187455,7.11038632365902,25.243907683070013,345.0922224207131,0
96.19397181413436,2305.911590729386,40.056505269025415,3.603341312274233,10.849277478016436,80.83376205865285,8.27805737390625,60.36094504936449,2487.52284569271,1
81.54413170794038,2585.2081111877437,34.717430884212426,5.155632987512356,12.246119606205973,94.24962663985565,7.909754219351897,84.21349105084394,1841.6397355502038,1
77.66669406650352,2580.286990524932,45.59062736162028,3.8472946965781576,13.252945493135975,72.35397405562784,6.1482201922177,48.007200103575926,1332.413894414364,0
93.65530817237868,2501.523010076707,43.36778355511512,2.70878246782556,12.65351818869843,90.13377274183483,7.772666621837129,68.2390599812362,3503.891475025092,0
93.67449856663085,2718.469084873175,43.936150783942395,1.7683569508009296,14.05867411583185,64.57717323977997,7.712680940205764,77.03182091786394,3870.4783978463765,0
82.39585236943306,3095.323137393171,35.79172125865936,4.47600068726298,13.320087322065419,78.26394404269352,7.6698388699939075,41.80639121375049,1299.4686432441815,0
82.93442541572516,2974.7770677206618,22.773256641030045,1.8423534890991422,11.97688128933954,81.04612839738417,8.063518913162902,50.9739427131267,342.2924397288016,1
93.48074906036454,1757.5510157750482,48.77722169402956,4.954162265726786,12.521850703881151,105.09831607496878,8.151347081226772,39.64177019045682,4258.888232769651,1
68.27873487754013,1223.0394325490226,36.16930035193277,2.6587384204721887,12.462103437964451,81.70237234296775,7.13540964178534,43.55668786621186,148.80273190108625,0
68.88804338435168,2967.159955619637,33.09779388765504,4.90869848714142,11.234258589323098,58.585078318588984,10.54542946794253,34.24789432693878,4691.851220215212,0
79.22333668121345,1816.5606507922894,45.54783129531195,3.814717548071134,11.747680866812518,61.013333117665,5.661038741593966,41.991030772439466,3175.337382515259,0
86.7982927243223,2387.6172990536584,36.863898880646964,2.83560541266905,12.051391274416112,85.40835503616017,6.558059783060207,88.38911361595677,1677.0485124864695,0
94.66361348397007,1914.9434869703202,48.47949107237297,2.376724353808648,10.87102359771525,92.3652502694789,13.559927248447112,41.69045941819415,1307.7417569260074,1
112.13034325424329,1599.0097812099903,44.93604759661358,2.5909105471847043,12.537994774601314,89.50547029152703,5.92401729002154,62.5291843812138,144.1277548959287,1
102.86489434803029,2770.731364102394,45.46855458560382,3.513980030850285,12.300742524277567,87.01084126961189,5.292490650580483,49.94262492658088,1253.809943353298,0
87.60092205054859,2879.5775801513237,29.072354310395724,3.09258779546126,11.16168487895074,98.947115170068,9.468953490002436,83.57731874073878,774.8686774339914,0
89.71475688145966,2211.7447996366404,49.695551883091206,2.287426310317554,12.823370292221865,78.52490535115442,3.845760292452252,86.22324593207233,3099.6144815434136,0
74.96205953043287,1204.478853927545,42.09000424987085,2.8012423076188413,13.072698195752768,95.7389266723219,7.529452180055122,77.28139964277894,916.0733841096264,0
89.72230296011415,2226.8777758737588,37.04578288603037,3.0942924356629797,12.681627583091911,65.415821379683,12.291649850152977,66.12269106205511,2690.2862039294346,0
85.67012041619793,2695.9020027012734,41.14710773873801,0.4455190867022254,12.240745459832825,74.14062600474321,4.910128155693199,55.37880926318203,2991.570469487907,0
94.84077840507135,1760.5442156129357,25.79011813681344,3.5498017377464386,12.973153721401484,63.315503260818204,4.036071028522573,36.16250591617501,1560.404321899881,0
77.59153584671516,2591.6799598895777,43.26922249184537,1.824334530339832,13.044176288381353,81.7018563919625,5.001637596084604,98.87057762244395,271.81825019172163,0
97.79019771361759,2492.3450754135024,31.765027934543426,1.616001116153106,12.745922855775751,84.44486539280389,9.796719136693971,44.806539644948934,282.5440150095609,0
112.99108369503867,2789.6457498005443,29.178637713251725,0.9751867834671475,11.84031019965219,86.36921790671823,10.249553439971624,73.27292694065683,229.10192775019627,1
88.36859777314713,2559.7901842070764,27.82112651025687,0.8473290025585318,12.721280612408945,85.74260023464562,6.974822406042982,81.19131145246794,3721.7108689690767,0
96.02567583148412,2013.4655295592222,48.901506999919405,1.373462996265253,13.456384520660382,73.86936003025926,9.366424808002138,48.89439006189341,1658.2475535900608,0
100.35215987566669,3098.285750832246,34.96589285045769,2.1491748508434116,12.022696753110615,82.71710986704142,10.78051065502398,80.76025054631924,4001.8709112415518,0
83.98169292171245,2420.735213486515,52.269821679332,5.343910965031881,14.178351471305945,67.03063997673101,11.57469282885965,75.28426406677711,2215.4908368299607,1
93.36138722715626,2486.347730245034,35.713588295581616,2.3689443889257555,12.079495252811693,101.358747701587,7.507329437640304,94.5592767076353,2319.6906940668227,0
90.18888601172692,2033.366020463402,26.341136339256426,3.2133001275216375,12.52592561067211,81.35648712522399,3.3970565646600264,50.61307067146578,2613.1247522969115,0
91.46514147823248,2278.358874404245,31.06780448041073,3.4805776638075945,11.962011523194931,79.1333665714757,6.358242155180626,34.2827196544057,3593.8541362380092,0
78.404853242168,2057.5986429865497,49.886492960055506,3.1572782234590187,12.67861666873621,104.067283941329,7.146391610129485,49.890204891109775,1440.1640425655646,0
90.36765261388415,2413.5269700382887,38.75281457650666,2.9070678471288076,11.10622264589178,70.09304159740925,7.482122406843219,64.17707085068663,695.7780127142818,0
97.46997436868175,3355.8542400711717,35.61370162807519,1.5656474836809064,12.063166560946623,71.49295463161637,7.624281197982561,61.164254541701126,2824.6809424381613,0
111.76715411692562,1814.0494285343218,41.280145806822304,4.741113057935054,11.626303039721146,71.84535610157722,10.237789195861339,52.13124207450899,1702.1903538894223,1
104.3890623912781,1693.2193010616293,44.01426188934036,5.168635972365462,12.608270678313833,84.18554341960622,10.548856853375163,21.81605082045514,2268.207436973383,1
122.29773686267335,3235.585163746804,48.93919052721969,0.980809567052777,13.295557900407125,90.17957955565117,7.656652692150433,69.40965992258214,3270.038870852796,1
78.48978655667926,2395.338161424067,51.58799383914341,1.7711656909363447,13.016804949691641,93.876105617414,10.196969752103637,99.446889581644,2521.216131592226,0
103.08480955081018,2165.4636306700418,37.12185083368731,2.664227589147593,10.602672511312885,115.86394380993963,8.715322733262179,69.28502476246007,3139.36620379413,1
92.75013008607527,3019.952343698038,29.391618511343694,1.8425546461077704,14.133655722342304,58.00681054959084,8.129011945725143,72.18271038107028,2766.5800103567763,0
122.8470439982651,2197.192230131568,36.69227871101379,3.6071586641470383,12.736223952496694,92.304827069493,9.813088314219927,71.44890612310203,3725.002222486886,1
77.87552571967272,3413.004856773468,42.082244052663086,2.1260733571120642,11.8788006876056,78.31443312913322,8.144504096475831,67.940933397648,3559.089426786938,0
77.40417236728835,2838.9629356696346,32.289928590315114,5.598067281367923,12.625702335192752,77.96301821333472,12.115622354195525,78.6333193373619,2717.530469862234,1
81.00911031833967,2256.0442959271486,32.34279268083966,4.428658313212315,12.640951858002154,77.56273446095346,5.123177666410882,67.90747362371332,3426.6248022125637,0
58.141564135352894,3578.654106632752,42.75030305239908,3.2550888367586577,11.966521026438748,74.09476395030433,6.969658201815965,53.74645660693448,4380.442051135802,0
82.11367467478858,2197.142538498331,39.61078118743639,4.2323835159836785,12.65833333387366,105.21429801524143,7.7469622060921,44.08022179982492,2218.1293101620263,1
78.61301007669454,2871.0476860046533,40.26237596329269,4.327080509228771,12.014022169903754,95.10756792416683,8.878905380915981,55.02052689438649,2122.539056469089,0
92.25590679714311,2649.646290203246,33.932037322399445,2.323263014330108,12.176510405847981,85.2783517426885,10.535920974206178,66.28258992901331,3844.8035421766626,0
95.12633963665739,3150.8706446993992,38.156794286353865,2.0205393065496424,11.950976691395933,101.21218902984401,7.951202865527686,53.678340777540534,2954.513801505771,0
118.14256258823829,3280.7555983634265,32.60613484585357,3.093771675563577,11.353862968208277,66.84965241641349,5.1555407009875855,66.2867736626286,447.9332230906839,1
104.25635757279075,2516.0020745328834,47.12158728899829,4.033963349397533,12.616669176172307,69.03153842402888,9.68502779291001,68.78300267400834,4471.348876886299,0
81.34644516506395,2123.291064826908,48.281994677790024,3.1668724783841014,12.96823954921307,58.86438721366375,9.509917532283929,76.66358862540363,250.83720096443668,0
76.52377992977463,2729.9860714695583,25.23049710209525,1.1076042213708035,12.911906876861098,76.60702551852054,4.116282681241188,85.65589937677962,3767.142145427741,0
97.37878757259759,2161.142315123947,32.56391311846072,2.0366106672589894,13.155940202108187,86.94038232045703,7.992391732658401,61.56014836957715,3818.091299251133,0
70.19650189469037,3506.6936237633117,28.027765959279368,2.911232563686746,12.759472168011895,86.23430293518801,4.819716338639404,33.844468697046786,4770.244317881459,0
117.47188148781531,2568.267665541369,34.79980852474481,2.9092012748090035,12.073819601426477,86.79210293271856,6.670697804995875,53.0979180636162,365.2586011713717,1
107.69160181081931,2317.3392243439457,39.33249624167711,5.36705061214777,13.17173109154495,68.06731802720702,6.194382146074401,60.88125134813199,3024.5986178440057,1
82.96236521842943,2592.340152932454,28.40283824241176,1.3368144691212025,11.413985968126452,94.63785691136826,9.618529396483972,23.284624876458196,2196.4187960725594,0
64.30298206363683,1826.4368552351516,32.625121494997494,3.6067070902030496,11.779462893990015,87.87553021886798,8.233660348344367,87.77329040204964,1720.101478811756,0
110.3080856124812,2014.1929807446743,31.96834102334801,4.786935729993948,11.728639942861404,93.79665137759199,5.428817998487945,62.847558250209325,542.560945465458,1
88.28190232121074,3100.2069539722124,41.65813863519155,5.7257396945073555,13.364044847311447,62.28685386891938,9.760131925914685,67.6270566916057,2857.005186389415,1
108.56724467960193,2171.552860514302,40.554754696290004,2.5147230921792465,13.25423081131206,88.73789030557347,5.132388352143171,87.31052925052532,2447.299555805607,0
66.0835851180845,1976.5445086590303,34.22609957330197,3.5897153432642397,12.889844189635996,70.74681712098968,8.660227580941887,47.39714339715306,612.3168449400189,0
81.0093746556934,2768.326376263643,41.414566977115186,3.6837124286383762,13.357543892169438,80.23212096938366,6.371978661416889,71.4808386176806,3101.1985847757087,0
90.07865549577275,3092.8520773314985,35.626559323301876,3.234578077863949,11.79657377407041,91.4123787836366,7.26864583493896,57.802717537961286,3715.9702892393984,0
90.70470890647113,2859.4766553325335,37.826759117391575,2.881385758512833,12.778876095888783,86.09312327507095,9.008541496076768,56.318262659681615,3859.6636751628766,0
83.24901792781135,2998.023842902908,53.387616722388294,3.523170467400055,12.39986045729347,74.78152024264817,9.042898798119058,44.556152243912415,4536.328622485894,0
99.34274898521248,2121.6024557152696,50.72368841432278,-0.03869530226362228,13.177505683107931,85.07527787421301,10.67393814711192,93.31206427373056,2106.406635255008,0
73.98569355926108,1789.0946666290781,29.60335010457922,3.8184833880751574,12.407820613958242,66.62157621707628,7.835492600657093,52.48999919848858,4770.056566248471,0
87.8643077246806,3250.6668259777434,46.6378593430334,3.1514134843943604,12.192045689271936,98.80320875077956,8.612901725926681,73.98928493791404,4340.6040849051615,0
91.80443447567848,2338.660080578932,46.49117243593274,2.7330301238660817,12.932726814848792,82.53659176604498,7.12452535519135,22.499852250561275,1552.8576980173013,0
97.71658251088124,2374.5834917724765,30.813893689979054,5.456234634863469,13.200935333752986,98.4225993310639,8.363979765245595,83.59977059379574,880.4868830123465,1
100.67422317133335,3164.097070924529,46.55022115003889,2.190079177451337,11.965323844122558,78.68161975484749,8.878972096017023,81.04422311914118,2233.408041027266,0
73.13036862243196,2778.11500470033,52.30345534730042,2.516308813121963,12.4511394629181,78.717088139121,7.803380305091248,61.948682205946064,2069.3036689842365,0
66.98828743896567,2727.9438860408036,31.01964155004469,5.389863962645681,11.653247493086678,75.82975856034584,4.3924990318150074,55.46115067724151,2921.024596122901,1
109.16515232847763,3582.501172450542,32.65997743188589,2.001526434180172,10.50155118600565,95.5140871803169,8.66294179266179,68.00000011227132,2958.592538405965,1
94.98471017969388,2178.2408848099285,48.14129173474802,2.3398616604761533,12.660367705130984,76.4868261120583,8.729122954710913,105.77581321760579,3774.936223461879,0
78.7727019516517,2963.9200640406184,42.17196248660518,2.82356949188298,12.987124285003706,92.73514518898212,6.639653047304098,24.7352660219303,2598.46074620749,0
113.26727963283784,2528.5065624485424,44.41181020191618,4.00888137855546,12.70965344726938,80.41057122796852,5.431225927854971,75.64054775148256,613.6309406097512,1
91.73511951439288,2634.2961394316285,42.72471373120398,3.249363008823976,10.940350625796507,61.28844040130056,10.951758301007931,41.76765395692195,4305.62754421022,1
107.6894577609574,3264.234213206266,43.125567367425155,1.448849583417285,12.21932045593882,78.15623118656241,8.982891021788804,59.60163207400537,1617.8464576074166,0
91.01277722115164,2753.9178781448118,29.388222973511336,2.3613977242473725,10.725321791959136,70.85070142764582,7.541837938156581,55.04239761842674,4859.357555502301,1
120.91121887322981,2769.1480395248163,48.378541652971585,2.2711746801453465,13.595760886123347,85.40683268418805,5.725934233705026,51.43363484404489,677.5145325308737,1
116.33011263664807,3036.253668654901,49.35671993942219,2.9073347457323453,11.631156334305532,70.71510717190611,6.356370343157308,59.79069741894541,4795.430743939266,1
86.2655377728139,2317.5236352285574,38.164874047455775,3.511012390355795,13.504322887567916,96.1117012085754,10.605180793572464,37.31657709444419,545.9578537243332,0
104.57356426431534,2080.395166330497,39.6521844014891,3.5018469070655662,13.256695714947316,83.90708967576367,8.275323881736092,80.58360872255935,1232.0770759405914,0
99.68063924377721,1977.5954029894833,27.751139979554225,0.8687858951419174,11.77952771797115,82.86884806289513,6.898825865998587,24.117129776027994,328.2417162240538,0
110.52947336298523,1516.8217053119993,44.11403804814268,4.276729185073028,11.593772038985804,92.870705653451,9.019378462449312,70.79529025656684,3555.054418531075,1
75.52614809129844,3528.103564970161,44.576459533713155,3.3030826151959483,12.78029617310907,96.56688320891035,6.371203625107352,53.46928294930858,4266.463809201779,0
100.29077189997659,1948.3958171391585,39.502471864005514,4.661438457112688,11.824540770253543,84.75881497876418,11.001686060560758,36.581502123850925,2226.948300898304,0
105.87636730274382,2389.373188207114,48.99482687896402,3.533037992748806,12.581987713726566,75.74559640540852,10.70560106979345,64.0476674119739,4649.758167707905,0
63.618907703653285,2361.5933500555398,37.327382152160475,4.321587549282914,12.113737927354466,63.71236460665445,7.066851857594447,28.86097826587044,2992.465451602438,0
72.25112231001337,2653.7033489045502,44.5168474071488,3.5598543737401522,11.075073268427493,76.76740291557783,6.7426595059382795,60.79427643439269,3187.0349636879637,0
59.411517333598496,2907.8686062696484,31.842685290463073,4.615470907443298,10.715625584700433,77.59345304022446,2.7637336026154404,31.542461843768912,4242.554088333773,1
85.95889748333164,2930.236744179873,39.811582793006096,3.626700763221334,12.681347398795678,86.28468943590757,5.036838456897264,69.22544168635662,1554.3210047540106,0
100.76313383693943,2208.461280715531,38.60516593677731,2.882501704268515,12.0507538029355,80.85823742634368,5.321060450084488,41.51285332739249,1835.9020345053664,0
112.53535578144042,2416.4391431067943,41.80246337632753,5.726921664536258,12.057528146468695,93.25519566461713,8.270380681974771,50.980119659413816,4539.164404053758,1
91.11142170629662,2641.28997524415,37.043784569333134,4.0668445467358705,13.056691071275027,77.64420074475173,7.347532591117281,65.87898775886325,4514.721130589943,0
114.42923318356938,2375.6544369082267,38.948219234626656,3.688493305205296,13.438753821305955,84.3155059977647,5.309329025169517,44.54915776315528,4884.765603384268,1
69.29847812677663,3303.672788009996,46.60837737153205,1.468434700153997,12.281964222910553,99.20784931836268,7.437671915070886,58.84072000663395,4519.007750564188,0
64.44926340967268,2745.487475819126,36.50588610209426,1.4540308590437547,12.227521034472112,89.1019025674596,9.010674295294697,29.723389975102926,724.1229765634683,0
89.16678451655072,2867.438893024909,27.147383194090565,3.3512585785702242,12.900114426491108,84.27954949973723,9.055678699831175,72.61751207192312,4136.249002071238,0
95.76098173408961,2831.4406343337064,53.99667123364337,3.1746254373218887,11.41445154424034,77.77666669677788,4.200659438282237,95.29827611101543,2108.208542737011,0
89.5095787785886,3086.7369287426627,51.051632629523894,2.2630529219900204,12.678522443798158,77.40122323942028,7.743473039032338,115.84417735819923,4954.926644135096,0
58.98836849940185,2590.5107793518537,29.661898439155053,3.169179239534472,12.941508777457724,74.79264096457663,5.23331844605678,61.82336293332878,2414.1767252111254,0
88.66319940730817,1851.5840260220766,45.517662441961555,4.906352313652315,13.044184166734103,78.5079176106052,9.803457394280548,75.76408281594374,2813.796804260881,0
70.4329574924272,2699.8439758763207,35.97620183558926,3.8344829694603586,10.950597837998028,94.06799006493178,9.568292832706996,24.387486541850215,2695.8970847583128,1
100.04508823245058,2174.3215531040855,42.107897722648474,1.6307897882967142,11.890915784152847,82.33734074449278,6.203945547351083,90.05468652611177,1676.511446305561,0
95.49897369145272,2235.6916591251215,42.35379303210795,2.8661894074284677,11.797389397741227,68.80272316742523,6.467909595199201,75.52457009448213,467.60823557529903,0
75.90180320508966,2793.182009377547,38.12473759746943,2.0340402229769268,12.579909563527371,106.2180315167174,7.077465899003386,50.32133110097534,4488.691028969401,1
82.2919962399496,3119.141535716818,33.72987467530883,2.5347601003097266,12.884595663814387,88.83958229374196,3.4944132105373216,84.74361600578018,4033.1114813788054,0
74.11179717166573,2510.6357883680307,34.475671581469925,2.503661201244429,13.697368325956784,68.11667919384197,8.671936346881154,54.91047846709317,783.6812247423794,0
89.05981354090243,2654.416506299482,32.67046467615006,2.4268253008751937,12.104027615705542,79.69781287311011,7.454310907319739,50.83949633970887,3906.164529615357,0
104.32713480751858,3351.107472317619,33.34542233415644,1.4938375536319262,12.10194200135263,86.33063659394101,9.940350165135719,69.50669850854983,3166.648663647989,0
75.21410930496684,2620.376589744284,39.46257367960516,2.846814382178172,13.419737615102997,105.45510511956853,5.803181564074895,38.73291000339363,2104.8045607963495,1
97.56069773276766,3800.8415570901975,34.273920087113986,2.327270835783228,12.737261550824243,71.70265050089357,6.761754103500136,80.43249528799896,1344.7036305682573,0
82.04613572441339,2782.754822815772,45.45641652570096,-0.5153384280027216,13.514121208950378,96.71248863227136,4.986949483921769,38.880203761463136,4312.6710391609395,0
78.10690751606484,1619.6186204220912,51.89796924268742,5.463566429401995,12.73098240240787,101.79383712366811,5.991418873011494,38.99890420353628,3530.92247054086,1
88.39454460068163,2876.670810552266,35.35957406903965,4.306523585060006,11.574306705029382,77.45614833910516,5.636036007863562,41.80620423183331,2783.925556398771,0
74.4713651637094,2690.579192441389,41.91523600428302,2.5484391300900047,11.433497316177755,81.6698365736772,9.991947357692892,75.19000075032244,3086.885816102474,0
81.69526041979228,3144.876377041373,43.997480882423474,3.0225828596887183,11.258790200752857,72.56428903151476,6.603476302497215,47.66449276960584,546.2242922026868,0
72.03183161116728,2836.590675634979,43.776018167354195,1.594014783218926,13.029641467806778,82.55846630703634,8.248351369489226,33.040084312656624,2422.2068284648403,0
119.47087699374583,2430.772008008113,40.6076421433287,5.034867453373039,13.450877458469606,84.56092030788483,7.238473192276391,47.88640000128404,1049.1314346499398,1
90.52895327957593,1887.850881855317,45.94145934687778,5.276746433727734,13.979489713109105,92.91579997698844,5.461069467974374,59.359152586390266,1121.0800271432445,1
79.50411738011121,2395.4883713569875,43.85799162144526,3.1880324738958294,13.174484265858592,98.08220165224536,7.663399153656715,36.38055032671229,3340.389415205647,0
93.20969866101333,2074.73977289535,30.098700621381617,4.228236773022413,13.430270862027989,76.02284722454023,9.19820666372719,36.96637781931313,4565.155143988011,0
88.31507925463755,2209.7382750976385,46.95324851511418,3.2103441347207085,12.035986933877052,61.392099229288064,5.584481214913295,102.2259266819917,2078.407391343898,0
86.68545600700166,2794.2892022103047,47.09832669813394,1.3959294733488832,11.574867346604915,84.74506264868509,9.618225581462758,42.78869192372226,1117.971437759733,0
99.21250050065137,3334.952252175703,33.89371116657135,2.505811957243611,13.180063465934042,88.52245035962369,6.300558157044607,53.53915262453987,3278.8599924596056,0
101.36261565070957,2697.3357649114905,40.30350268358082,3.1583135601263486,12.83414460179152,87.9930122522205,7.034032147854319,52.655259984014286,4368.816527116557,0
82.04248278584208,1902.0584689824077,45.466631942488554,2.4545427375078672,12.585955499472714,81.07992102989147,9.061366246020096,51.57286384459116,3766.762125500205,0
81.3627263903298,2722.3013341100705,38.32548944336511,2.737616067077957,12.809897184506392,86.49702519596721,6.673127685561024,72.42693479938205,4356.910429629277,0
85.87422454272534,3098.3157433228257,48.58382438212809,2.8903205309890625,12.758548385966565,103.18533770022697,8.075149718671732,78.96285900944099,2729.1178879529166,0
55.471182528966224,2195.108547840309,58.91097995695489,2.9029458025614465,13.52705348788285,89.58081002755011,7.370618342423815,53.88091136936816,3784.193597409035,0
67.27213406702171,2432.9914166635413,33.71211173892014,3.06271018859698,13.535988467853565,80.519578899963,8.258736013407637,35.270434268153025,786.3163408587887,0
110.50311401166786,2507.3440973645984,28.9516431747698,1.727273920324079,12.935376281872278,78.99762619484805,3.2385217889530056,85.48880455697807,1806.5456152796382,1
114.67451570251926,2107.55084345888,42.430548764839,2.1395806210464765,13.176642298050343,82.96177170786723,4.340636369583834,58.093178176066345,2008.79090595946,1
86.26445940665432,2824.1402169219296,45.772500041009145,1.4584988811600368,12.911250041939821,104.64087954196768,9.231934012093676,94.60643629714338,2605.3491566055695,0
98.6483544458365,2439.5259256961094,38.15306900924185,4.17337865962344,12.131064214372305,82.80039148568564,10.074362811298101,15.08828204869674,4652.474165258436,0
94.66875231815304,2709.766221953514,51.62608530656827,0.47322366979161057,13.105251739930512,84.7624678657515,6.179026592936958,63.9080644256664,4384.053145088654,0
136.18321212682855,2056.25391109895,29.29115360221401,4.38430841198031,11.384403944912592,79.21223714876436,7.511943295657732,98.37212667752416,759.1749122170042,1
106.79362367151865,2281.270849838295,45.54334898425289,4.663619276715412,13.343113241836706,98.18780028930358,8.589438505804603,52.934717291236836,946.6692942240697,0
88.0812361277885,2861.1906789138857,35.15311343392885,2.6373832956208543,11.544381648187173,108.5180470569361,9.386435203317408,55.49013153330728,1852.4386929856655,1
75.66689339099361,2313.5834239541164,53.75502324965837,-0.1237645053927583,12.728642629435786,90.40735659317666,3.9446454566583027,65.91023383180678,1524.6449428643023,0
65.90330519613642,3363.4819256167025,55.94012282534494,2.5664273256392516,11.823876833259073,85.9932748454251,6.2279195060432455,48.824083622300854,3112.3776704656852,0
93.05195453800835,2300.181907192699,33.86674729773322,2.9229790064534167,12.942711186459542,85.44139399809082,7.33484124030025,53.75856135894534,4523.60263404627,0
78.65473882073545,2612.342362875943,35.603542912731356,1.787282136085304,12.472859819257673,56.388318534571056,9.406280394472098,53.24369811617194,4815.228554195675,0
68.66619435603488,2966.295415936545,46.876703095838415,2.381737927430109,11.224195233469334,93.9418103714178,12.99686096744299,47.451585311472535,3302.6544674226097,0
80.3014067363621,1790.8171335334841,36.90295480168388,4.836234238636021,12.836559704814784,86.60999699195013,7.5439885463805645,84.57713100401119,4206.980086865325,0
73.77677994578407,1619.5955940096121,39.636710256542095,3.797912594762089,12.037663378533832,90.1401046079287,5.1860450757920225,69.2215606459287,2673.490781130906,0
115.30712452608847,1737.1718427149526,40.20310736433928,1.8905230627462801,13.204917376650695,76.46245367099554,8.804536154402596,65.01256464206604,1120.8020396141947,1
103.22459635424175,3131.292051713591,24.64261475041875,1.0828809964854815,12.501060550987527,80.3865174522749,10.64199157908142,76.17142013780233,2670.973219258039,1
89.88041038025074,2224.070927053777,39.8892980312461,2.607579218868275,12.81633678831043,80.06770076196193,8.216028241959002,54.71288333593066,2819.9047470444903,0
112.19916208335039,3779.099642834126,34.48217780748661,2.743851864779474,11.733944835987831,97.25947580887646,6.186702909691414,44.51592363294199,3738.042064646427,1
91.16052461471428,2217.876200671306,36.055017420801825,3.5954390248359793,12.02853421485811,80.45488196076288,9.915987882960039,47.94751390770885,1177.4266495660106,0
77.08073698007604,2592.2756515985184,51.54905602775051,2.357619944918809,12.133089091119132,109.99192386531757,9.32709123699687,60.035660822092176,1904.7208722249854,1
112.84686115904486,3271.054976283938,29.94794484576595,3.613799490434234,13.185361984194044,90.17034902818045,5.947838311608751,38.815765832541956,1883.7345991513748,1
98.08365065526988,3503.0464440795613,46.505641493983816,5.3221848480722755,13.841901670244392,69.69180808005122,8.762851235068684,49.99477966826649,4801.2540191317075,1
74.44130768510315,3530.751788318199,37.76829655734553,3.9786012269331152,11.855862598605698,83.45744448097652,9.994531135317745,49.67766716257131,2275.3303056009227,0
87.14491982874588,3104.1831152965715,37.76191865203332,2.942293791203073,13.361478515726144,77.17989853412301,10.363780085117787,102.49112459658028,3799.960439760918,0
76.86572619922865,3012.031262905731,46.32297516841369,2.7802194347360465,10.764258065819439,58.66741036215971,7.867102049381088,4.523701201321664,3778.9757687347515,1
69.25800403553495,2796.2634746005915,42.72041035655112,2.5719922389841545,11.544648479126169,104.19365128136548,7.283841107641362,56.40760557188734,1401.1665055358828,0
103.89266321297463,2889.180538083319,44.564903977756245,4.416769094942573,11.73297723505058,93.43771050664004,10.454547644162526,94.51387585629541,2902.1614779214874,0
118.64124960705196,2224.4071418357335,47.74547728426289,2.2472238648584364,11.417993048447421,91.39848781479175,5.57967899403823,62.43688928264908,4482.084177261376,1
69.02148639271289,2090.9005582888462,37.34953293453342,3.0542672507999793,11.233129288169936,86.98484392359646,8.87715858184201,75.06834946842186,2428.4688253390523,0
98.44453855035856,2498.312771294524,35.102106123938,3.0614374822573023,12.830399129710239,68.41578917569075,5.259946745271142,61.99652630199536,4731.075785978475,0
80.24036146317259,2414.907688737536,31.318795787537617,2.3978589686261618,12.32874584181771,79.19659432533476,10.130752544519206,46.653332375670395,1150.8453236883918,0
82.69311924352957,2273.385975336362,33.39671576016836,1.353041342539079,12.803524318084088,95.10136929740816,7.483908968777677,15.161681309821738,463.3796182927506,0
81.11409113641696,2848.193723728358,63.592755402469805,3.387569404341202,13.05237814889721,72.38535964260997,10.537166471294938,64.10911374072606,4468.123978409271,0
77.04013845480276,2977.652604285255,49.95743664589429,2.92679523377354,12.712493594538026,54.61876820499023,8.982825512711054,44.48786790795218,4253.637870014862,0
90.7278244191724,2544.2034431459238,29.19140507033583,3.600288563323884,13.0262105409203,82.27472790662888,5.55355953987614,43.993291876693924,4963.69039207584,0
77.53574825383444,3238.765040527631,29.42033634605144,2.3596796322729996,12.444374171006185,83.29890935166954,10.849255464154487,50.02025488041777,3429.0280917508876,0
94.05685238669759,1929.1554429332475,43.854928493747934,4.464985558575657,11.550405289355405,86.62676099697651,11.102490532855459,94.89722813246988,4689.770840669033,0
89.24642835826295,2403.170270360141,44.37811837902373,1.9478714625457862,13.346251344656636,93.74222372217443,9.76457298519843,108.09675084507946,4152.050222912143,0
86.41577929700385,2141.5888396985974,44.39107068253892,5.054448340821471,12.028710293775099,92.6512697467745,6.47682426992756,64.34415875056801,4237.689032288426,1
76.38654506937603,1566.73169146347,37.960353651570415,0.902836188206086,11.751522960990059,88.10523766292707,7.3879720912851825,50.704655521765446,2888.7936952259147,0
81.34843004147501,2458.6596570786505,38.996365919976796,3.5217240774682694,12.357665699356481,99.34637665704051,8.29085443481152,36.455471650975795,1973.586529791883,0
101.33086838738635,2439.1262458083584,42.62303619327486,3.570516819031948,11.769751264562789,66.77236263024022,6.592579201337133,69.37080323092138,4679.334555462081,0
97.5137578143657,3256.7248716210656,40.687144050346646,2.0453315184709413,12.166055694408454,91.05498177372868,11.384693144926409,95.65811200130288,2217.374160517883,0
75.33667132802174,2815.4058422773887,22.24559701801972,3.509272725433215,12.775243137250774,92.5184603600433,8.288652943452073,55.05319225949687,2740.2148995233783,1
91.48998458143839,1987.9065878353977,38.16160295539845,4.53542240371219,12.778673391396902,70.12525256703712,2.5933039057852856,12.420079184935517,2285.96010491342,0
101.27080685057683,3427.046283167094,33.18874852591749,0.3398173927751227,11.781735946859497,66.96555269581133,8.67871162551244,73.40099343631047,2867.609738404966,0
64.95892078317942,3110.5168477626767,41.4016913512681,3.6032937689889777,12.109835701641003,76.04869448229279,7.303685206365373,79.70799422900099,2405.474887062403,0
98.15040288569902,2791.048851734308,63.88207202082728,0.008075015603906888,13.359466403816196,77.06150268981649,7.850146887763104,28.283087192283052,335.0410370394318,0
80.0606436158123,2386.757950575084,42.93985332379444,1.8412022357721505,12.897120094187153,94.04103356202917,7.2627612684286005,63.52968367325906,4422.036111437723,0
98.5589800288974,2020.2803816382602,37.491762510620816,4.954999637881134,14.160052031478834,77.62553459570687,9.614092833213375,69.02452032272197,2277.529712687272,0
78.55111265186224,2313.8966119644733,47.37441201581802,2.3018615599295353,13.444102538993222,74.72381778062555,10.239375557106762,58.53785395982123,2985.8238776860085,0
62.92676849003222,3044.374309852093,43.861503097673705,1.591344042709233,13.41543445484795,77.66039515966528,8.566106324517307,44.184581618292924,782.0202335141365,0
65.58686343175256,3442.2931529673046,43.36075592361473,2.762474725218382,11.389705159635358,98.42358800985053,7.321377625723682,80.31874447127112,116.60045511493176,0
90.72127419992073,3271.6217641360945,44.85480474572537,5.4814876057962625,13.111088281306738,85.15652049252343,7.917325590381659,51.932405080626346,1301.9214588538505,1
93.89583752582223,2255.575289106863,56.45234851863633,0.8019813033527687,12.45751455864247,82.84898769571706,8.039199233155257,30.296276746001357,3552.471557453416,0
76.43525062343387,1940.1912833554943,30.952892517392677,1.7384281060327866,12.059214557169401,83.67993401558738,6.395139920270326,19.010510286606383,586.0531975531051,0
99.57888688166061,2570.443123455602,43.789056614491635,4.796918019815552,12.634412272426022,100.50472401191827,9.15785729714247,85.2169903999862,4553.548457893692,0
65.0771990659656,1615.780317218574,32.58895096014769,5.229242812245278,13.256169227689186,76.0099392807611,8.920084647720932,72.33327952942237,1153.6105898453045,1
89.00880302029024,2661.5838570923906,44.44410117073799,2.8758825308516593,12.90066527280337,100.78609949128125,11.080882479553347,61.75947094258338,1102.5087100297014,0
71.83475700356315,2426.1987068506655,32.650507908111244,1.5131367569680292,11.797220958926353,87.52595558705805,10.510699560576949,51.19450726298393,989.389011945328,0
80.22245838296762,2266.981749065879,36.66106549115933,5.515012202170991,13.093967130874097,83.07496741629583,6.62865016481974,49.42003171593746,168.51039355968726,1
90.71098006974621,1702.6484663666024,37.63928068609675,4.913330870099037,11.98992996633923,115.01080597521138,9.640596749017929,38.48526703116777,3881.84679554335,1
77.09379952074072,2756.800053284858,47.80653375475767,3.8147363853146796,12.67334649517143,72.33232612241684,6.098093233811056,51.37088710880231,4387.6692031017665,0
84.23166683655262,2233.6495801690444,47.34763555153931,2.025117181275096,12.257319946018292,80.75577088519593,9.391864201881699,17.598255697596514,3109.3972428193747,0
105.0943921382166,1915.041582144856,30.034260988428926,2.941164790994356,12.3249069986115,70.21082513003199,6.966771602479785,45.278726930629716,1022.1799102313253,0
81.34662195715276,1063.8688933591754,40.43947288799879,2.8075679027462033,13.112994380032408,96.42954364643404,5.953493553248832,53.78124967297812,1497.8621850103107,0
102.53538168097712,2486.242547474682,34.32336116200662,3.3970215655386933,11.667845024147281,105.27026720382014,8.560090685394808,72.19760094380838,2432.04081708832,1
73.05439718013574,3386.125798334872,29.931960714597324,4.741201725757604,14.056156059421546,105.03907337685567,2.6508657436917185,59.20147073253273,4776.295162954174,1
97.94706266872925,3330.629607273935,38.263863596605034,4.055300449364884,11.043131144564402,99.68738503775205,4.4980488511895445,75.89846227751119,1312.0217219069398,0
111.6235293098685,2271.451871706864,37.532137692353444,1.70714870761829,12.021865853396115,82.62855438644841,7.645016232451433,86.98270210226859,3685.0649292074513,1
52.92533249809066,2198.8939698191098,59.41373189076418,4.651795740023445,12.796169511953392,80.61710827012185,8.164883533269684,81.16340187648203,2253.2962941353094,0
78.04657116794284,2734.387128037512,43.46367860288557,3.375758568015786,12.967451333148247,64.94596273007122,7.261362459683622,69.41019694757114,1559.4520069641069,0
98.6560819077081,2000.8072804058543,28.979059993966104,3.8244789550306995,12.419619423542636,109.43048242218151,4.841127402564803,60.23725358361568,2333.9880914083574,1
86.9543192093551,2650.895949909733,35.48180796663246,4.759849031134324,12.454087437598766,90.6277369377816,6.364216315722989,40.38423983172882,448.91291595203944,0
95.56718810056964,2883.040139192345,48.17106636343519,1.6661037005837387,12.828440068262093,79.09651714156621,8.782418654474787,74.79888102758633,4013.568117558776,0
80.94022219926269,3113.4666119421536,56.7075421829594,2.9570093055522446,12.315144418033857,100.93668266784361,9.163563541256725,93.59494764443059,1292.179447116539,0
91.2988468120935,2449.9229617600236,27.312133502096334,2.362254538368942,13.614545006347925,73.32682579888,7.967553764808118,66.84212079300836,3654.519403645555,0
87.66484146911881,2398.163124911517,24.96060491888764,1.118568689561453,13.171479291385282,89.87946441067209,10.313667562073977,98.34518296852247,434.90702009615416,1
107.5167309248971,2061.0087066217193,54.967721402974256,3.416051973125904,13.198259480804508,82.92845038850999,8.794794046918469,29.488565838778324,4779.982925211862,0
93.8163126495182,2086.55982298007,43.11691341896723,6.013867861901309,11.727074621303666,92.66412567856361,6.505088692083575,36.91673230440917,1045.7734284879232,1
95.06403993112804,2386.760554049237,33.05365814498907,0.7919067065930969,12.436489260475438,84.23711752976654,7.438995893176765,77.10403015496524,4425.436173414694,0
83.821845508163,2683.682753408089,44.27703268897948,2.9612632667406356,12.259627241023438,67.58886530666531,5.194267685584291,65.28580420306503,4066.418727115629,0
82.6859066389126,2956.792313116625,18.914018087864978,3.768651522089728,11.695518899448427,85.90691647204045,7.7837220192171666,86.27564353143615,4842.513627998938,1
83.51162718270568,2098.4105246598274,40.027004052777286,3.1476938419874174,12.788131347156613,97.58636970250434,10.224201238442678,59.690567185465206,2441.664238634173,0
95.91678213567445,3246.344284479761,42.62256938274468,2.8642463369811115,12.069883393776147,84.64940312975217,9.370580169421936,42.640491549433364,3664.2467398451627,0
83.68523278769605,2364.4381994787154,47.39416111630264,1.440940363865011,13.024323063880189,94.30138145906903,10.804018651838245,55.72813515589915,1916.482219485142,0
94.34662285344619,2489.316352825782,31.888832381659697,3.279344091528196,11.643846749684535,72.45364617191136,7.394229512402013,29.34632058152532,1003.4043662964997,0
121.13101197968157,2126.394160426088,40.68549729122687,2.0918832275808885,13.875232490273458,84.68487048076177,10.692199589028515,37.42818653805931,2271.0720713738992,1
103.06687055147539,1287.8798698635292,32.5966029915233,0.3720939540257362,11.78293387312635,77.50587453893706,7.61339154710406,79.44887995836021,912.1701754034289,0
85.10964701748239,2942.022698180525,42.043070045394536,4.433510664616477,12.675441869760348,93.96377008125651,10.943170165139788,77.4557482893922,4912.018651653281,0
108.01820883245918,2868.4219485462168,32.837229421095806,4.150062983810451,13.133487448310454,85.37789874714395,7.956286505115752,67.26008569612154,571.6078065895102,0
83.87886940467673,2359.3362214408935,36.735193286718236,3.0619931722212956,12.04348765583991,93.28088411603935,9.414462747608553,25.57844958079061,2987.13744491784,0
59.428131972332196,2533.495358612436,32.033476841678166,3.274889625846843,13.18197491474636,98.05252511389439,10.95022472861971,52.83192848974223,3169.6728907448737,0
74.87870533623894,2757.9696088520495,45.20908993458926,4.2891816152586735,11.516653121759667,93.29942290145667,7.613144742837589,35.50000222679898,2736.5897600828657,0
61.938121184612164,1718.7270715567288,46.86760893325332,3.2692075881336993,13.661694159346048,88.27742121152373,8.436777975088349,83.53066507575531,3344.7108399879844,0
84.72729773938038,2235.4736613268524,38.123035440340686,4.0848210657135775,12.511319411972607,73.02145289786314,10.577726850412605,48.325557328747976,669.2857975582656,0
90.27627568784328,2897.1323398109134,40.30590395968023,2.64302135895138,12.022870873624896,84.96656667199719,7.7339936721398725,38.28504578436901,2819.5907686059263,0
115.14655968412924,1872.8552884153753,28.41126868293165,4.574380486288736,12.260654582058052,78.60291517581,5.358215434987677,60.59592330242849,1507.3415985240715,1
94.90391060646245,2646.7789660833146,37.602586815945706,3.384942871119221,13.147135415514175,80.87123251954928,12.28601410916982,47.196910863307764,4706.862710175177,0
86.71349206786704,1821.7090976882973,39.59836306366604,3.232862332327049,12.032435766519649,80.50559019099698,7.060471071325726,89.67487820407413,3834.151101854656,0
102.44108371775233,2733.2149912167633,60.966344728239804,1.4759266935455615,11.900513848461777,73.24089310261307,8.317512101875085,45.30378204931618,4865.320962582739,0
56.832970364881724,2482.179258851258,31.10426379380669,3.3443470251620506,12.32277072193301,61.511936930392125,10.312013338902254,32.015434815507376,284.02474172692877,0
93.53421837162848,1692.4340920472453,51.7134179100195,2.0016540990066587,11.558430309784026,76.98228342006679,6.783012192537596,16.94172968484969,1497.1525583854725,0
101.5629779083045,3082.3696772285857,47.97487018772647,2.234060728165807,13.956435126353453,87.3205534230899,5.98426417355574,59.384269951731696,1057.5706745279101,0
67.82120631330238,2132.704211600975,42.245091235921095,2.0215492460206548,12.046884327028222,68.82187545487011,8.507474593549667,48.76139772284147,154.65747782796944,0
107.15631064810394,2094.8737814928095,54.06896387356107,1.72051808172093,13.165293428944324,85.18818683765949,4.413847204175221,31.421907869765462,1287.396078206975,0
95.07744611241621,2600.2845986154716,42.97684378085491,5.549725683620354,12.667576066918219,107.80322109173157,7.424187846264159,83.7845292251157,3426.0023192501017,1
83.77068129148797,3074.3186747143577,43.11327356534343,4.597606874386083,11.712372759614425,97.27667866302687,8.490077328630813,73.34490294858483,1232.3357184593858,0
99.49172799159427,1992.0890905108015,39.575034775859635,5.304441002573114,12.495236232629816,104.72249810944635,7.460096206349672,59.4356424212554,2594.116882864829,1
124.06039286706593,2530.839924923986,49.78855105934902,1.5325259765333235,13.127202223448599,89.69353452319271,4.9130981136285055,87.28652488341733,4450.308763328493,1
92.72799382587743,2714.4082501652865,48.77175387048707,3.085504499893071,12.349390931930955,99.01011787583735,11.188355912408024,73.25072066797226,3499.4138097104687,0
93.72330879450504,2846.552803631572,34.9945817000303,1.447790849755085,13.454490356680822,76.31242323438656,8.207076307898351,43.54288196963135,2033.6824425395566,0
83.10958650689633,2588.2207776386126,29.446022443209863,2.1651661473635233,13.317212314225491,77.26791679573618,10.862304235523482,39.21559672018468,1925.0978006693306,0
77.25233445802812,2316.4860804583386,38.37615490083474,1.8982476199001102,13.235131883726664,52.130317526350325,7.4799274996391105,76.35963088907722,2333.105488641575,0
102.45503724816368,2086.20488967564,33.59969148481883,4.487500807729874,12.132274582181603,99.23374568850758,6.239976036618472,67.92733912934702,967.5030611935413,0
77.15874261136699,2543.0719415231874,39.49180340307716,2.5245243862778883,11.63612604177481,103.48388775783863,8.53836184051032,63.39495535941323,3206.6037603383415,0
91.07349355829089,1963.9304940071966,49.899505077473115,4.282055200432819,12.009129915709764,78.36187305583276,7.568425747343561,43.07004394262185,1884.348813612567,0
82.83513829852325,1039.3247582526963,36.34158675930568,3.7249450675062215,12.656992752533377,81.95257952323318,5.644477084017284,72.15895134011508,4276.590211384014,0
97.18469738619588,2718.279902078834,39.6574129495074,5.764366502525746,12.936629370825884,75.95365463570846,10.93956851757499,44.890022337321014,3807.1080342832997,1
95.00493157930423,2951.9674205430974,40.46418187846716,1.2246669322323311,10.762742876191641,89.5918426177299,6.755459554212008,57.96026690812644,3091.5145040515845,1
105.56309916386849,1318.5337822290808,46.787447057642275,4.511079887744159,12.4935094387106,98.49919054363889,4.319467230408863,88.9388829277396,1884.5908909826287,0
82.3497540171788,1995.1346476450312,22.02488532812316,4.375729044480873,12.626471380258547,64.08673631342751,10.656332107914665,46.78331528379708,1128.6659752000735,1
85.95187597059943,2809.5771305025987,35.14639764187763,1.8319453943675585,12.277964594947559,89.91326236770703,6.991403968374754,28.540214858542782,3903.144134117552,0
75.3185442632654,3528.7477348558496,41.69026953823578,4.208560003767792,13.533019071212703,81.67993873937026,6.784352214768751,38.94905616259779,2483.404585056324,0
83.33560109885832,2510.396853837704,49.600631651414886,3.4033739556314746,12.837424059400696,86.36073270360028,4.469224825940052,79.88597653375247,1201.2751870690518,0
95.65950739567279,2135.998529385433,36.06478041995036,2.7270284880559106,13.548153526464718,90.5079280200915,11.481882973193981,65.09462274760419,1056.3556136960306,0
101.35482924968028,2408.55177944758,24.987578351665007,2.0112774156336006,12.327231583719815,82.74157073472615,5.421038825580625,57.42245242622493,910.4644320566592,1
76.16752013733561,3187.4382095740925,44.95769156772909,2.137068658260977,13.24998199400554,83.75695775913063,8.1168989614113,49.818123893768615,3908.0898614074154,0
103.0440888015849,2177.017910437732,34.917100889394966,5.459774514943112,13.808053115622016,82.43349798934433,9.82524064508088,69.7071981510638,1222.0372079715273,1
110.33456788207427,2100.4039966748733,30.48266672727711,3.000819382748979,13.54935475941813,96.64379442145938,8.843433866006194,43.01790298019553,2680.5470912734677,1
96.20152354835551,2258.628238908984,35.005236882294206,3.938556001837751,11.626286725257014,90.02511952152996,7.8806913760156165,66.11331137285192,2312.5771687679767,0
118.151937188371,2023.3356958706438,38.5237971387532,2.050920741998936,12.297059137966095,87.64700245284833,4.596668283425167,45.374908623740865,2940.093406218591,1
78.3931620134464,2561.335157997398,35.162042683694295,2.0641764645340333,12.223868235640163,69.74857934689261,6.380550328465432,42.04681229449892,4398.059011818852,0
71.33017945032874,3312.3392292347803,22.355471543207447,4.298381771099931,12.891403628061061,80.45704308144215,8.375600676085044,47.250251303499766,4351.96221140048,1
63.319196266435824,2661.5396365580145,47.17652957509706,1.3805085461381614,13.049082844011627,95.7840299240701,6.425651860026007,52.49185107032076,2310.272751941812,0
112.44066467233775,2373.823248936856,50.19900033022978,2.5017434785136743,11.828885860779412,85.45235887748707,8.406718919997536,59.02340328132593,175.29462860014422,1
99.81548484531086,2354.094365542228,45.21217593071604,3.0408328932866784,12.55427081113355,92.91437763506966,9.363486817630283,64.7091159022223,2189.5746480000857,0
89.16622993634317,1718.4045956516716,30.89851463660147,3.133647122208063,10.88405813427509,106.1981416039316,9.925005771600203,-13.76730582856888,3070.348333378288,1
94.19952939479731,2941.5548885735793,38.388067728419855,2.7850880579806123,13.653556004641512,97.4632728305058,5.547641284374633,43.8469888450647,2833.0473195805025,0
73.11766429052435,2461.081401493599,39.94782947816434,3.4749837373151076,12.090100607458645,86.1179000523969,12.393292109957908,52.16860045287922,3291.546918421007,0
126.68627969425239,2409.760043204687,44.790355116495284,3.831426906981374,12.544691151875597,78.86812995765128,9.534958689108262,90.10124077216659,854.971089118109,1
91.93831772962841,4096.553783922431,45.34672390974465,3.881565054551196,12.252280228809552,54.35740484732922,7.996571692661872,38.399947832357356,3268.0219840255895,0
91.64092191907339,2649.376454182843,34.12660960977203,1.817035429598608,13.416822060010732,82.97938093032577,10.17907316615328,63.25593236199825,994.9929318444839,0
100.88649935848038,2124.104474952408,40.655964451308485,2.6590138824854432,10.229994846882096,81.08785005019782,12.730815543999947,89.90060619471674,3777.56750541407,1
97.2151384760507,2286.8212018972285,43.658243236921926,4.433715434252325,12.486711726139273,89.6843943327445,5.122559797886261,33.74062940105454,1761.529304987132,0
93.35826036418698,3074.222854598377,51.64657857717413,4.073576625088647,12.415344994001842,83.15313727630375,7.5494747150172925,67.87950451728804,3578.487623569122,0
78.14288316832032,2556.635205268882,45.636052318597784,1.3525686582227234,12.137090889926654,81.15537928675846,3.2431366802533432,43.95456332130959,334.5414346399247,0
97.07202535703993,1780.8610108413168,46.31245349900415,3.421775880422642,13.880981236508505,63.64721283391335,8.38530306529605,49.90732515421531,2098.5141253954753,0
118.2303674471255,2959.6144672876017,40.67061302343489,0.6261297007502278,11.790136432915382,73.72038605019921,8.730788483850281,43.93778332093371,3554.6691590903306,1
110.18130069232467,2165.927957230503,51.28367316162803,3.0563218824724436,13.11743694178853,90.7198124896067,7.921675769114481,45.36285383168228,1211.6655300243212,1
113.89779939959095,3436.6488881087726,43.27810236767598,5.277320420095172,12.785002230964867,105.59089157359233,6.6909328580033804,114.43824295812986,3996.9065195063904,1
82.33176485353222,3040.0240328573245,33.111296718611435,1.8625287392772165,13.509215402028413,83.82969539505252,3.9009709676233495,76.88911744143331,3190.8206922141667,0
75.15592769612128,2276.339052170624,51.226959761001524,1.9988123454101014,11.966248732177995,88.93373288288947,8.747067366823538,82.03475723572419,2979.052683534012,0
88.11319619850528,3140.5081808675563,45.583226180312224,3.9168357378874314,11.913624880700993,96.42973788343366,10.91086896783065,69.83986973672992,1832.389385601252,0
90.83587368433042,2533.927755263702,36.45564783097214,1.148638181748425,13.37685592598192,75.26927276559701,6.817963088533136,27.874864231960842,2464.012204867476,0
106.41287277706422,2926.3868375611096,36.164056260806056,2.2406939641379533,12.840257046664089,89.4017685194253,8.88011985804629,67.89915940646614,3027.01157479148,0
64.61303055427771,2742.366408647237,42.37260436112609,3.7157293650981034,11.264050122658594,76.1141187240141,4.863711373159899,81.45859229014692,2415.064358182963,0
112.9432547919092,2076.821672504563,43.70547836214068,2.2388569827727163,12.068555988429384,95.37789326189214,8.914426127385028,42.93201051921777,3521.735287308745,1
87.62988152131516,2178.225083841269,41.578338125049655,2.716836015346834,12.809106123078449,86.8168365754208,7.2132354045106855,79.30653334322253,2225.1149722241016,0
83.5967839507887,3014.9804087905804,42.49046938754308,3.8930228523780412,13.17021137723727,88.58142176777727,6.475164098794171,74.08672419708158,1091.1385905359489,0
74.81843437109748,2332.6123339467294,53.59965899661104,3.5058553002438737,11.956615477445636,75.60881683097693,6.4792727175677385,97.0408008962734,1148.2755357251315,0
65.17714992201346,2298.1757683790015,48.57234521787909,3.320182075554482,10.168595208146447,93.48438831532943,7.21277683593398,51.64433974972762,128.43846733041136,1
102.34755875942872,2022.4387103253234,41.52508473012019,2.5930532648759534,12.918578548589627,110.0165550547722,8.76486663138507,38.04778035448547,1574.692806237495,1
91.09976950782605,2711.7995327967305,47.53048464613987,3.444073338322746,11.523743448044819,72.90505965486153,5.375673597608964,52.76743781254909,3769.696438344746,0
70.6505865038842,3531.262459621573,31.739808771779686,2.851520783880292,10.88612896150207,80.92289190822972,7.205769336864295,88.71141986327247,3991.3972733042865,1
70.57381841904575,1966.2335428728636,43.18341639957447,3.5493667319109417,10.234139260012688,87.77928969001711,7.917056444001704,23.43188238316074,1092.090956269175,1
84.96322951064808,2512.1097283363792,54.47445079786488,2.403681569858426,13.151184688158192,94.4368745439498,5.801921550936282,18.632485691379358,4799.315584669898,0
115.0353228793409,3206.110277707715,38.25563283686101,2.7809172307445507,12.602893960323973,78.28544457652637,11.593330403350034,61.78790557863226,2561.773688052621,1
86.10612972954593,2460.179304377142,33.21892857104732,1.8120506489375834,12.319474895430199,51.003636518287124,6.293009039877317,51.14821414451688,4593.195870190663,0
67.45285570322841,2726.185898124867,34.783288891255516,2.957990867992517,13.611219490370209,101.3102739299683,6.661126172733019,60.154557863513695,3563.1498811219926,0
86.31385403871083,1968.80323592656,31.282935701260893,2.026798963645386,13.009859746418458,94.12607343500972,6.043384100355004,78.9062354247173,3639.923772809824,0
85.90914645378494,2714.153548603824,33.721904734978374,1.663144259805608,13.793040034177533,64.08462963416002,11.596960174276235,48.94861307762295,516.7137443997485,0
49.546700355876425,2406.4278674977254,37.03593521127977,3.3103933774264656,11.385811622266402,77.70917449864533,9.105810457198963,22.53988338138759,1177.9565217949603,0
89.18557700223282,2992.8649978399317,28.755463846570862,3.2552877310291923,12.472359500836829,103.81818915432791,6.126815987512716,100.88963114399888,143.1926831429159,0
86.53598204686983,3093.6930257823756,40.124946671596824,3.939448481938287,11.206629300041588,102.37355702149439,10.212463117719938,40.055434251224476,3609.025438336014,0
100.44309547220128,3794.781821009307,47.21821739029318,2.4826493165098813,12.316494134515626,96.26368027214734,8.401397388577756,38.81925755975805,1787.747613299699,0
117.73434142418017,2789.816586606788,32.737950558824636,3.489663416204107,12.301107316986657,82.88665079248165,8.514506842223003,82.07440027445193,3954.5973287740994,1
106.89847544321637,2662.8981582910833,52.15427138913415,3.660957086728396,13.001290909810457,85.99584902575012,7.311045582495095,52.31021757916964,1760.7874776914286,0
85.96666964167754,2597.192150788668,44.086336708220756,3.5337285693979137,12.53645110491352,83.42889033848648,6.501168026086053,58.732202959303784,4114.7353862644195,0
73.40211136887494,2323.416853594656,48.24464468499246,2.0092155806374294,12.998725710623933,98.53887739922605,8.675532198109202,69.65580248120636,740.4214433667338,0
128.6003970487479,2669.2419217308457,34.737323569182905,3.179236178725427,13.062752106511116,74.48989112205868,6.9098255400088195,81.67166206219991,949.5284681117902,1
90.88827651021732,2352.2992949304853,46.83620181653293,3.4369683552655936,14.223942941906515,75.33040414138955,11.63351125915021,53.33078613636456,1770.2950439612887,0
90.2089393786942,2584.2304881348073,31.264528796837496,3.00861416028953,12.247762675771101,97.12329504203218,5.461417789513792,90.39904011828598,2101.5882055231395,0
89.63812369334995,3158.79876780398,47.12198000669207,0.4962268099546985,11.747181839466897,84.46766253386126,11.072313545709891,17.28400302530389,1808.6437731305941,0
92.97127141151782,1996.7287173601794,41.37471471834825,3.1925875487681763,12.696866892253126,101.54160826544569,7.7773623024043985,75.19574473906154,3841.870459363777,0
87.83459382114086,3069.939280564523,44.42600975987827,5.65503724727669,11.858175978288365,76.94185351623345,8.598171468042212,43.20944883964685,575.0618238709021,1
81.39506989679646,3158.5575336699326,30.595243155001185,2.5679528774916207,13.68556861474923,84.3426596759341,9.666315533258869,87.44542633215983,1820.9633962285916,0
81.79711588139412,2440.9657365044604,32.839441261787165,2.1263074825736146,12.273425568843814,73.93104418187256,6.739501409991128,62.840889576610905,4202.475997625751,0
89.50870094676003,1439.0725504957027,44.77782574602708,3.4480182716536776,12.047538905700808,85.08835217708281,9.728496769397273,46.541893359811965,427.30567858464275,0
81.84862843299352,2196.089006452784,32.413215966206394,3.374853852559886,12.122947423079106,67.25743675601441,2.5849122892376455,73.25682186043265,4717.483187589652,0
79.30731325984253,3148.4972732805545,43.705650336792985,4.431282198499697,13.074733938777312,79.14839894854045,6.560020933556122,77.86376694414503,4932.952527132863,0
91.59645341537845,2488.565968850559,29.062897548318034,1.4905582129093347,12.373802413414811,67.76495362086258,6.1518743853178695,72.83788245717277,533.9840517428925,0
86.17534173868717,2000.3488838525445,46.78539370133335,3.877656303089991,11.986666543895694,93.3270787982951,5.492987975256477,39.40607520733879,1527.235359053111,0
112.55989482874033,2247.612539385891,30.139813481851927,3.708506473501756,13.832281534098826,93.59907207711582,7.570090323842098,50.319657527558306,1924.7632635732452,1
50.23545287410482,2920.3100132522763,44.418399501436184,2.8294241556713446,11.815064127470599,64.23684723418786,8.771499936363389,59.9185432575713,3904.3177063983576,0
106.37260277883692,2773.3667841006895,45.005047469168005,3.406424781506028,12.528452859226395,101.00662894600687,9.405319996998612,59.17480694699879,3020.041379371996,0
108.69127788746444,2380.533950415153,34.4258254525634,4.2353489779180284,13.021844921288185,114.96898151703824,8.481753514400815,74.99490950876695,3257.39193241358,1
58.89914651387776,2316.587794092656,44.65621253667781,4.04677845603414,11.194931911666341,85.55207664083609,6.668613070212906,19.701975349867837,3811.7981318106795,0
84.85968608879477,2304.1209254780892,42.08353810666845,1.6283768255115256,12.88420840112474,77.30662887730426,8.738032875650335,66.68654109107007,678.097097241426,0
84.42838701006313,2038.7949077507487,35.68926515045809,3.9841898241065814,11.65591385961564,118.89196709203655,8.248571389701702,54.2003729112672,4182.726338860286,1
68.88732457923268,3307.687844734721,31.931562527390334,2.922373673960978,13.158226224667201,69.17237802036988,9.872112335872032,43.22998767232096,3557.537040482706,0
78.33274968613686,2338.8397653943302,24.29899446661937,3.0874489176186186,11.72987919046482,85.24127760242918,9.553873405863033,45.15026444460801,2928.9744534622146,1
73.34136231801257,3108.579260412748,42.79720037839755,3.0878363892020335,13.054215225479089,87.15546727158308,8.060952827841257,55.70924670964073,4459.703140436977,0
116.28405665135435,3260.6580259612256,27.481577829103557,2.819708413442088,13.38466645303577,101.14177144542897,6.205493987677486,-12.021702089190356,3531.501134030655,1
104.03517589721191,2999.15544907398,40.76275359553046,4.430048996528478,13.189149220506245,89.31686770152146,6.694099688335839,45.974208584169,1088.3298168920246,0
109.07332642491238,2284.1898436409756,37.892414271342005,2.8995384481809454,12.701053318590482,79.01639325053858,6.900421280723934,42.48370350707413,2205.752367270767,0
100.82508096064853,2701.8650451683047,45.43314220350556,1.6565446459401976,12.31495924565624,73.58578755534452,7.369467332167488,70.65566418645248,2520.810047985093,0
73.06422343174157,2487.9021968045417,37.583636004081086,2.5277641728363256,12.038864338932125,80.89813815704638,8.536100855179507,43.889466349789586,370.56637107698765,0
82.1321960058034,2048.149069634936,37.36441770922327,3.214433660172571,13.676827752653683,72.91687166865827,9.430348780256116,55.6977239965902,4777.723815464273,0
97.34061841841877,2662.1796408608016,45.85496563430637,4.47505774115646,11.940403823865886,85.5739038374162,7.8977626139692445,90.84553255322604,730.0285779047045,0
71.66808286662082,1910.4801044200988,42.68046423267294,3.7237136219386002,11.670347141144003,78.22964584167416,8.032249575800945,79.88703039630846,3517.5602094109618,0
100.69497645258582,3093.839694230782,42.52924765746223,1.9793576655035474,13.032295148026265,67.071546480523,8.286612610000008,78.04542799886906,2580.532076845313,0
86.39511902762797,2267.6913513508034,43.75414071846821,5.98222790001467,11.863090557450803,100.06174946049885,6.96818937373532,50.002551391782966,225.59802443367067,1
84.37768788675604,2600.57982793642,27.715423014343152,3.3177303731735757,11.739949202027098,79.02792971885152,6.149215484714087,70.86064558579305,4631.262631735372,0
100.66439952305237,2641.643935773071,46.05430943989585,4.530468885598818,11.345116590264189,69.78235834029624,4.48912420537858,55.32204399092812,4274.000363212773,0
96.6639496722906,2370.547513147961,44.89975035210882,2.817942679707325,12.113672128431586,82.9808903861495,6.609701283846255,56.078135786461246,2668.863846728794,0
84.5855075127138,2793.3469007376375,31.86653497138802,3.640031093646539,12.433827980882805,85.8204587916119,8.946290906535573,68.193706874931,1221.8174470832816,0
107.38994705046372,2262.548171688738,38.04735621060639,4.007362205422085,12.694473382128558,64.0423992930516,6.594177123920865,48.06012823158135,695.9521643324617,0
73.78405008600154,2935.648648728622,39.68554169897895,4.461833654105107,13.261044995439587,88.97977200550915,7.52438592514812,89.86006208886407,1880.6231492174204,0
99.23903410416395,1827.0101598766257,38.92402572478614,4.26884196645387,12.921518338932636,72.43410917571683,8.932862574824634,56.79739720804126,1351.5985771258433,0
98.89651886952575,2563.189789773206,42.67087973254828,4.046636400087573,12.347302224357456,105.53234571028945,9.041378992845338,72.3672113251933,2582.786884930864,1
85.35680341029014,3469.4644995291424,51.45093425464947,2.6218959225670697,12.341443458896224,91.28752614492082,5.840934295667922,89.11200958514596,4835.405551004802,0
94.89199533363177,1999.8343376972125,48.65413382138263,2.3139047496527265,12.908125975132148,80.2012001186882,9.994118712907284,80.6330754915035,2917.272116825243,0
71.23329635422046,2161.127514737574,29.50224645254875,3.399129012389037,13.518056130342856,76.0579867561918,10.254700178710971,31.821617946189505,4460.6621738614795,0
103.86040528810352,2756.9539248294577,44.97655992244839,4.119753686809283,12.60105135958656,83.74038750923651,5.74030028556288,68.89791790019768,3289.3063037293086,0
87.22646795335517,2589.790890969799,50.63146655628328,2.7327351590680715,12.124695316631673,92.35348889899947,6.352326260717692,77.01438788921294,2428.7079802772823,0
82.1591546922144,2675.31504963678,43.09446816551362,4.278206358857264,11.705707199131563,84.6940704569776,10.382181366292382,77.83726044321497,4287.577057393519,0
105.73513838755333,2744.593565073832,48.72784340148773,4.743140094583415,11.34383578847022,82.39409431435772,7.706292957489398,37.73410331770738,2409.7037398476878,0
79.4348446418586,2817.360734280885,56.09816356560612,1.9004148971118964,13.033015737634818,85.70044348981475,3.5604441050962983,46.85929525965352,4356.278035500769,0
68.8730805545466,3054.8499209781116,48.18967636885585,1.9956951554444642,12.962382818911646,77.75369282515655,5.200636990534628,79.89116471483243,1528.7261709212498,0
66.65056239714144,2704.9093284642563,41.99446876513383,2.831549929313596,12.96189082008533,80.88152887788355,7.501260749655038,44.764792586347085,731.1840614386417,0
99.0901492701846,2379.3711726907286,48.36070779267803,3.3691352018270355,12.397072442918356,59.970490733139954,5.673914699430796,54.006078866713715,4291.040875378398,0
70.79355971255575,2836.2868506013656,41.159102664775126,2.3705195834795387,13.6255477967134,96.68471477022841,7.173152458727118,91.51751619003939,2978.3343025840672,0
116.32191272976547,3449.940967447608,40.19122434627965,4.622643214640573,12.112705204332146,88.58557336386114,8.064792427367157,59.044014992304206,4456.552751419905,1
58.77105888174417,2433.683126808713,37.18868611429014,3.5088802338221416,13.264215389765765,75.71852987159883,10.924509208069457,45.464517243323144,4695.3533142626775,0
115.44684552435058,2012.7353476646792,52.50730687065686,3.0473364578888873,12.469005684008366,107.78481977626286,7.419092167544422,42.4476528627419,362.779112820101,1
93.16526200803928,3053.5403346434864,33.45257067246399,1.276908571357767,12.01331938825653,86.04419776470864,10.145083599145519,66.65438659170376,2554.749579108455,0
88.54930332194411,2439.809418023201,52.258941797424924,1.4210210202869915,12.97402424585421,72.56627713629764,10.85752032407354,33.33703983045582,1937.3262904651933,0
81.82621369786575,1413.6652269929818,43.99891298992297,3.3372111003381675,12.827708894947195,95.2808490576455,10.868619338704152,55.053280722071634,3166.706145643574,0
95.98704171528107,2923.710838575211,28.805550601584468,0.44088524861419653,12.785578207413542,89.77657859811114,8.569509186771137,66.66461069980043,3988.596866291385,0
89.43547946362727,2232.3359070230385,42.94119434393137,4.215164891572886,12.56502273764496,89.73495982581063,4.073421704322051,85.98299641095335,1474.8920582744079,0
106.54952823024783,2454.7333588479196,23.199787938787008,2.8102153867532156,12.469685534626535,79.89093274418092,8.921649730807731,73.35096160739991,2828.312083428541,1
91.71341472993059,2665.9901652845074,45.00406413464829,6.891711563513679,14.410697594296352,90.40594868533641,10.096799775627082,45.718697640356424,3572.7700415340078,1
92.25452642192816,2595.249839889533,47.08185186391193,5.769499500739332,13.447405316156939,81.85890051734687,7.837865789129165,83.5683863512744,758.7123058950967,1
84.54581681679217,2854.7259085695196,35.26115235478357,2.78226111690298,13.078261515988409,91.6712974197501,11.489167740150497,54.00969924905045,4088.9278391612074,0
89.14581564418398,2282.2568147150782,40.98838156764466,2.872395596962422,12.58943932656271,62.140666551872336,9.719667122934915,35.28593955901182,3069.937039279568,0
94.6170265333809,2756.552899088041,55.63325947000229,4.194697816802435,13.305725760477335,79.79351844424973,9.136546754305568,56.55917281469055,4752.7334418568935,0
64.34747411015061,2370.2266612080416,35.954026365904504,5.043807131901645,12.914395821113162,105.66586117369835,10.172761422411675,88.76338402291404,1763.691703740397,1
69.7772186684143,2869.4052404437516,31.528739303547198,1.0343651310767799,12.520963802219228,75.7951905351964,8.666739702521756,63.3048010012985,629.9151174522734,0
101.14896141034072,2807.6837420065267,51.85330721970079,0.856349441574376,12.257148539787268,77.75394043008176,3.014379001209293,60.25043728659573,2581.855885080934,0
92.56298157191912,2032.2806489777024,55.70069752424636,2.2535582333347426,12.435266129869849,79.6244639386003,7.001722097059269,92.74423289405706,520.4727813762504,0
87.24024995470981,3042.991058087516,40.02956537478278,3.699285099808637,9.963659411297556,70.42232636933628,10.394336054495707,31.372903058911458,4850.679964287633,1
90.27650899598089,2232.018277442976,48.09170428326685,3.5962483086091166,12.668480671438113,58.50063068526097,6.384817319803408,34.28801771894456,289.5562954602385,0
95.21372558042506,2904.0288991405723,50.73180732424705,4.28372574598062,12.109219135911712,82.23296321771664,7.553054989526122,27.683070580663355,3792.169115425809,0
81.90360479535957,2683.6436567006704,34.060126139692926,1.5603629659616303,13.774135998626306,86.63031308897989,5.910327372193858,67.4529637296011,2673.001750896996,0
78.3254291189653,3419.0918383975613,36.11755331705705,0.2206273644373482,12.515475256649404,84.36993917753617,11.567845190403538,63.32986254230249,1906.2411972416146,0
92.93767882646523,2388.267008814074,49.84699610523788,4.029617034362574,11.548829264372031,83.26145725662536,11.36298491483603,90.85472734559552,422.6266060924078,0
75.32440833577452,2325.3416019409015,53.480114229668075,2.0061644724417187,12.460095876697507,85.51649045020466,6.232262209718542,64.8695015427354,3148.617928450678,0
96.12379133571707,2490.290197056134,44.50304688139484,0.5778145627336344,11.663103131949997,97.27409765860916,8.294596000778167,51.91685681041395,2967.579614015681,0
64.46124593643239,2348.4101085828624,32.96148517198357,3.174076495151258,12.878725932569973,82.7146457688494,6.6390119044719045,60.03589745756214,1476.3280380312387,0
105.43733455988465,2899.970950971025,55.89648889359553,3.9518108258624127,12.732757891471588,78.11100907495276,9.229889278062757,62.35414836921916,4560.086336910529,0
97.08896223619564,1691.844695781706,35.752232817504286,2.8535314414544675,13.266271704886615,81.62649418134296,9.019366154484658,26.564774533436662,1590.1390359799007,0
93.84044601470814,1973.158790426823,37.31889775062839,2.450581936581013,11.867294566644347,91.9521611170813,9.62341114322653,114.20663288669786,2303.65451190132,0
104.74036475918271,1966.0985392104035,42.73870267591697,2.808765321424912,12.527206476982517,101.94432254251899,8.663836895415775,70.39742036203823,2764.4360340014127,0
114.98211666693865,2975.153795986788,52.4332833657182,2.5553006851190605,11.407982563658692,77.46227512996987,13.870812412776935,64.20016616045179,591.1362030638019,1
105.21555097527195,3355.3066862909627,46.83180781241779,1.3823434656717994,13.061195825539771,86.1872054443466,5.944152469978523,72.30327968557161,4667.592424146798,0
62.38688653002532,2447.7753907312645,43.31892400289529,2.1423831876114816,12.915096944352097,89.06028930323151,4.5787932911269715,74.1882196117321,1935.2271470101014,0
70.80634549896448,2415.5891384049946,43.70630824094485,3.6255358860165776,12.896644016822057,73.08906391925413,7.213819598597077,57.188930289951365,495.8181479842837,0
80.62772133456482,2535.0260815565907,40.34811734914773,3.3860142496518,12.501295225085553,85.24500600655502,4.864023468879465,47.37517727518599,1997.7267510091167,0
90.3913657531625,3080.9391513040955,44.46511611614805,3.2016717671601844,12.831818312631032,67.41191371189485,5.015075459988014,71.98901372643408,3040.9924807536454,0
97.76488530703685,2036.323432904713,19.763519378445576,1.8058218217759447,13.783471286646877,63.771396355127216,5.9973706916040666,67.71421681062905,2616.898091924515,1
79.11384280269802,2619.1844913673926,37.627140327441616,2.7821962054371996,12.27192459436639,89.40095689470708,6.155622189136745,43.80219801821184,3503.2556727826427,0
92.80150146715617,2987.5988148912147,41.93057547933425,0.38752194426857445,12.610916146968068,80.3935031040306,6.09076379609988,88.38071222734527,371.8713161327621,0
78.66925601470017,2750.5470849699227,30.791887331043945,3.2141719966624676,11.631098960654873,87.42736489145463,9.036437900890823,65.86704072645966,1494.248990333075,0
80.82723295512078,2594.7908082993717,43.09058654249248,4.714629249376281,11.805391230721334,84.7852602758998,6.987621877829328,74.59638724535262,4114.229826516501,0
68.90008354727667,3000.5230462835707,38.36423023211103,1.2310414415494733,12.578250634474646,73.28319941603444,7.64097085025504,87.83841775359838,491.4790701776682,0
76.15150130833644,1148.3838535003815,54.043805586523916,2.2968867920186935,13.383146837361526,84.45694837642796,9.78846554900187,60.4377764232967,4291.881178010192,0
69.724730915755,2838.9376597654536,52.58415780171885,3.3949281344521554,12.294975340598741,70.20278433982173,6.467354950437148,66.33904013968231,550.2908511778206,0
75.36190120534,2172.962158436288,36.2735554470547,4.503411161312981,12.311266776550301,101.69166829601681,7.4709082025905555,76.20054477012232,4188.825652969312,0
105.80462694911759,1584.6835515717717,38.793298307466436,2.4621304604398206,12.1744918043965,68.72835586168043,8.731519972185831,45.50277832399895,1867.8631652857607,0
75.75901666752085,2755.6012997624903,39.40841947513286,2.1692996048809245,12.072194663324542,82.65057674837702,4.1168643987595575,61.081033256920016,3099.8244099603576,0
129.48573097256087,3186.829272581479,36.386724190723015,0.6372922291007002,12.735977164567057,72.49274094343302,3.230188982098835,62.51097173302296,849.1468666751911,1
97.39976851321333,2431.275742686154,41.56019987222501,3.1241257551697275,11.302193883857084,91.84505408032955,8.692234657595446,40.87882896633211,424.22673645338614,0
92.77254185542311,2976.4372736014693,33.93374344889928,5.450491248172493,13.524751661333383,81.02282354462197,8.984028561133798,106.35273577347758,1158.0971996986618,1
77.1246332972818,3306.1391289943226,30.95507732049979,3.332830154357611,11.967662161496431,78.77599936454548,12.128440269704821,31.85413113015195,726.4837077526082,0
100.50464819113488,3157.457226792024,44.98168979120215,2.973265224979544,13.077522788350514,95.23841854061865,8.31618975173362,34.03792192625684,1630.7888986301957,0
81.36543260643339,3319.9822646856965,45.03623667377449,3.3864987729203824,11.4840011220849,85.35316710013062,9.63947943451619,86.28453151407157,2620.477907903999,0
91.83014721968043,2871.063745535946,33.56547392272006,2.9866895952616774,13.035072104436974,91.1997333512316,7.609054712828052,74.26532501593084,2984.9213714685466,0
128.40126807403192,2537.7168194507963,47.162843446100794,2.0243827532878442,13.037555686251597,73.22408876179043,8.594454443170173,39.48070365038444,3970.3537261607403,1
88.55910150413025,1699.0170940514158,34.947378166677346,3.9879358988132463,12.807361657604718,68.14219667286991,11.334513683499068,72.14578030203386,3315.575476916957,0
107.23909989428513,2376.968755935026,42.02532190430385,3.2709138277341054,11.704457182560166,86.28649554448161,3.752014363748729,89.3570088999462,3082.9157931348095,0
79.45235362311169,2078.376702341904,46.56275210089965,3.0211359023203888,12.699638551678461,81.17384373406323,8.827232515143361,59.394738848060285,2117.731934680296,0
89.47517264254557,3585.471358748907,39.7310994823703,1.8295607672661,11.553555052212488,92.51721606944733,12.271173460154731,111.97645800149164,2421.6613313046796,0
116.56200953453265,2412.0570937838315,43.637927297129075,4.564209518321711,12.297789395923052,84.0410985680494,8.564068438418685,25.51876378263929,2131.1520640118874,1
80.5954941331835,2561.6024033922426,35.86856284889943,3.797643294399732,13.32353048076426,87.46090407081556,11.301145926465695,73.87646907718204,4226.613547300777,0
117.18672836995393,2775.742688020234,38.428267332575224,2.3364949951592378,13.137361541656594,65.51940964070508,6.741575700941115,83.33056672442007,1227.0022174871592,1
100.61627903183214,2521.8012231862267,38.353124552957276,4.2021898244183244,12.512146354032346,107.66124327537108,7.935905011672573,77.82687803210493,128.03256455562666,1
81.56299836158598,3347.5255202153767,34.02737322767809,2.4029149939377517,11.720154739261726,83.02909617961562,8.067049404777174,55.91288546708704,3291.4674964085725,0
99.48611608583282,2188.675319132774,38.58580669507374,2.0615958089867554,13.016470169739355,93.37104364407038,3.5648178412824585,54.19117035977701,1092.0646998302739,0
104.58831674440094,2597.3037276186215,27.61105360909003,2.0883562590236555,12.515504990158421,74.96689995736449,5.6636443442996,68.88290342174514,4461.564167918065,0
99.32714943325794,2128.764707150976,36.070770022863165,0.8747177362942908,10.643747521415662,88.69611882660809,5.806249841232027,76.31508973304139,4309.327015562615,1
66.44662920164316,1839.988744389647,37.72099605304263,3.565850856501847,13.126103861053215,69.36586283770305,9.644132156065055,72.04946872564727,475.96412244820885,0
79.09294236262697,2194.1154545473573,37.95056198003696,0.8026261459939801,12.480613732904246,90.42481405911604,9.74430621136811,80.80115781586778,621.303186528979,0
86.28722046672743,2481.481601475794,38.068020433033766,1.525867402481085,13.461960998386457,80.72831098737001,8.648072885413066,39.622600858665294,2526.340802008665,0
88.8834985634993,2285.34888774137,39.50588640111897,0.5092943891057602,11.623783584925757,85.3502860472268,9.648205793711412,55.444580417527305,3085.191047569838,0
99.31008146326018,2153.789510063072,43.835532144688514,2.8967163686509285,9.9586369494432,93.37568836156117,7.6717011745564525,41.199681357524916,1447.0508536629798,1
92.66551501399881,1796.841268164083,46.99613659306018,2.8196154476737534,12.723267086676149,70.20951626535664,10.403863339079086,52.27774447827717,3612.308811826916,0
69.96983461934849,2458.4472136856525,34.801878185213866,2.607964544176363,12.733250941345577,76.78609923264644,8.017576885264143,80.3044178362861,3015.0885025024704,0
95.70296776508945,1747.6398129844988,30.374393156886846,1.7489067663953086,11.147462697914838,90.48789137304118,8.115728094853512,62.159678414504576,1691.638137767918,0
99.15878617925735,2880.027981844801,31.663644702055176,1.593319495876032,11.717200363306715,110.17865769456097,7.4688147334751775,112.13718326299539,224.32029140734642,1
98.3968567189656,2541.2198764672517,36.10237663044058,3.557243836255889,14.704174194975922,83.34301198406222,9.368900955272856,63.86812734379434,3775.7363783627366,0
106.21171088331933,1771.2242502675347,37.18462945746793,2.339337681949815,12.255511508676957,92.0936334150872,7.1576023667741735,61.193837611594724,1152.2929625429053,0
102.50883231823356,2345.3954614750683,33.84003147042034,3.3796299858433736,13.084767181100974,83.71634236169824,9.952862754396136,62.12365838880432,4188.921342966879,0
96.88770118842655,2123.9217972047086,29.631066686000842,1.9377015766509331,11.979472138105294,108.3069471370756,5.735701718567986,47.24382614280128,2159.4222742658503,1
88.94751432812029,2659.5872552095902,36.351033380206495,3.217275291325299,10.827757680917475,64.03333999641694,5.802167490543612,58.84326775244813,2927.6794688956506,1
65.08558599726013,3170.2252230115723,41.45141296091177,4.563933644779277,12.363793402563276,86.13545253603229,9.374853510253008,82.55576054223292,4377.448779004109,0
96.44427328698879,1562.4137651771277,44.76023572668452,3.7033989604713398,12.287516351771115,65.49347159725527,7.822911570833974,62.279413362555445,4331.752704507771,0
93.11531530744666,2557.5130395737087,35.54061557513343,2.5051034181402234,12.180097409065302,54.921141153559404,7.092217167693743,44.13080540233057,1920.445918693509,0
94.0736825579306,2419.93360221668,36.69601742285253,3.308638764427113,12.408287331594886,88.5695446374138,9.780115464950919,41.498307590427295,1123.5555743027312,0
70.84877136269536,2835.670038225233,32.58641352922152,2.711201790563744,12.711414617316509,86.6739735537695,6.785477171827831,50.99596216668313,3898.215780870114,0
73.78415189387607,2606.5983141188444,39.74848663700179,3.0094562216336738,12.379906438996954,81.58195674709359,7.59959749139926,61.477268688217606,2222.0929976504426,0
105.79729279999356,2124.0153341305904,33.21257092647348,2.6092667374217955,11.488795065642108,83.72567091952297,10.798455900142319,83.87173070952524,1041.00576843912,0
89.40667269215018,2340.473032166691,44.5850225059296,2.8027977529375305,12.888947833249551,122.1795932088551,11.0782846916213,33.190227172671264,4531.684177354036,1
100.22251046058936,2101.9870715982556,25.71306806452711,3.2545120236890104,10.94050259574206,81.90189834362279,11.144796420540654,53.60347444222488,1070.7105517813281,1
90.42477564195691,3038.003569299299,37.1229626203803,1.8079695605016592,10.85971403417264,91.1214923350009,7.435748446132178,62.886200388701575,226.45512413703227,1
90.44634209243618,2510.655824335971,42.40885871353394,1.7809454076120261,13.091344395761254,77.20762216463343,10.46140580996894,23.325884647411307,199.37187146035785,0
104.07425708963997,3450.5953428765038,41.47067613058003,1.3337489354025467,12.905616217708285,88.54279090048723,6.102094344462643,43.32803434067188,3149.345246625895,0
82.25932907673939,2469.6695930926894,61.544269311843976,1.0796746745955481,12.454083707940772,82.14119589933259,6.186194250555878,46.40222920527627,3342.2077975158986,0
91.44181165411474,2145.7966165447688,42.79840019654326,1.5392607693354248,11.383641196195942,80.07377820724324,3.299088294751278,44.08059252299003,1624.1043547792212,0
83.06587066942436,1743.1428036935863,31.967563225263916,3.191355008164955,11.93367124746074,106.82678238640389,11.34573640379706,63.83779090043295,1668.0538473106105,1
83.48255658851527,1598.4301618720274,39.23628602328741,1.9286549814097391,12.289802601850797,99.12621955821207,6.272040301847843,56.788807809964055,1763.5201837937195,0
85.3624181479704,1707.932028497255,25.790029332268386,3.6163373570773154,11.22328482514071,86.64095976879076,7.74693484050588,48.894277947979276,3432.7768791185053,0
93.3320065745057,2633.563325505742,39.35520200562591,3.041656498503074,11.908777073581414,57.3494567686724,6.179351316143432,68.55925253105269,384.8555760314601,0
82.81877067504784,2754.362511614967,33.33555154399393,0.6377949438743356,13.021864270541343,80.66788932096917,9.390330496660281,94.461494352925,4652.670128187496,0
108.83634188360281,1709.4046489839334,47.323122204481294,3.7859707010660277,13.641844291431372,117.436330772861,7.24873267856532,92.78513033483505,1190.3531164694875,1
76.58089046670744,2947.5191570380575,35.60367780323572,3.9729583747100516,12.16445219787316,82.2320600003235,5.390366219134101,21.544564558753272,4998.398705686252,0
87.19692533757961,2258.4694741582803,39.065872673638026,1.807364790198176,13.105190683452879,98.2386108646439,8.883325128372121,71.54144367670278,940.4611995572162,0
83.40403412588738,2573.3965059927746,34.91553726876477,3.50422985147399,10.968751943530027,102.30330882343121,5.1325399503795435,56.43953419872323,3880.5776408306497,1
111.704668265306,3306.110314127712,53.91081081482665,1.9722021151089613,13.027560992890889,87.6275669902717,6.325188549369018,63.103106857307125,1194.7214701551627,1
92.94832164767362,2948.419657932766,37.430057871056704,3.1172044520980027,11.856841268218016,74.89814041758217,3.7862217707478383,52.03433932914903,496.14932805194445,0
105.47766809202952,2365.7346760470837,54.660456347833616,1.4826019116540412,12.745876493366376,55.77625201860534,5.152083775604787,62.351772597744045,4387.17328931818,0
67.71659440444542,2054.403887292356,46.51321409694613,0.8482722569585079,12.301798065408233,93.20995850330746,8.357058339440956,63.02814792144037,4307.88117003537,0
94.00575398803889,1424.0922993353474,43.85653381868309,2.5406193724644375,13.556331207827068,75.22292796611742,4.070927923794151,48.42096485302154,2077.4949230030466,0
103.34446193435156,2140.42334037879,42.94986517854016,2.8515252644701965,11.800451481328066,87.1138054226523,5.037708550756569,42.072649043496384,3541.741098448091,0
91.23425983913137,2394.4348805861528,43.150378385730015,2.5227843676624753,13.002085038049465,70.00215592492764,7.995262167734384,51.02608634761032,2829.623070151194,0
105.98220562598027,2006.4102364244081,24.57861936523512,1.5791633301329286,12.276394029362773,81.81714951435757,6.912786207813895,64.6851852891353,4279.484957001369,1
82.24067324849442,2434.3715164538476,37.768932846793945,2.5201211254426354,12.373355617592269,85.40462865881264,11.984073271918618,71.97992683368528,1643.7742496614067,0
111.1402116027837,2538.425941479384,46.761263769474574,3.3231537030968807,12.352916885472633,88.22312297253157,11.66779309204875,77.06697954680294,2665.9947599950274,1
124.48347185428875,2387.5720090959608,39.60882253220716,2.9461283638529556,11.82346151640471,71.62213375177103,6.264155074497693,50.116199538661746,2478.324618902297,1
84.55742159340511,2174.9987095882702,28.7584812255714,3.219001236719056,12.488720827274662,99.36293138513622,9.114275236806964,65.67689134605473,1834.1385486586078,0
83.31746217898842,2584.327335983364,39.58076439538024,2.1958617594549206,12.449881422302543,77.83726258321634,9.498565113758902,79.25005183906597,4468.129816326224,0
111.80076715676552,2720.9703247847046,53.63284413004393,4.406061497659391,12.692992198725383,64.90636647456105,6.8050422839511935,83.31189790288256,912.8018308464239,1
113.69358218596068,1954.8004612785771,49.975133724277754,1.5885919961342634,12.56760411655429,83.69171896043844,5.008916927003592,58.82334291736956,832.5923336514112,1
82.15709959270097,3205.466189873135,39.50396792507175,3.585072356504062,13.138395639689788,85.41250370831752,7.975403101383884,55.58136550120775,2926.8567230814815,0
83.69719774356214,2450.7059338578692,47.611594216464695,4.418269311551954,13.238806892837895,86.92707319806112,7.654308650371778,63.822484676727846,3321.721726926216,0
85.7732308670924,2509.4248114724237,37.06794383705559,3.5770897112986746,11.659501342537759,101.34558884422096,7.128471006058762,37.00585054205189,1053.6343461903693,0
69.83324233448585,2854.1072116282785,26.369027305386247,2.756970927522204,13.195018000472617,82.16261395916969,8.88463373632897,56.12780977928984,2014.5154670476581,0
76.22022080273703,2616.608065631751,32.60427209496356,2.366043544004425,11.550930858312116,83.56456450757474,6.498540785988802,74.8917279694626,4738.162830595845,0
74.93788849871898,2976.5683169566228,52.50311014806558,4.243305181255507,12.970284710510189,71.76178742520288,5.696004904841714,72.83894258887402,1308.4253711843025,0
78.48303652343807,2643.562082600912,37.80805534536557,1.2924300896859924,12.995791027762294,94.84664203465476,8.218165940699663,54.59464791272222,3374.967440375231,0
89.47972668919829,2193.781312679781,38.052928164999855,1.8358508875444277,10.970946486669996,87.21170876893724,8.771940185137751,64.35436402174334,3726.732029118195,1
93.5132209880478,2680.751762603051,37.60129442980096,2.5229306814099344,12.574383397223528,79.95966727247006,5.646710112199894,43.50699319418625,2295.830627379282,0
113.25750739221115,1928.136896339669,55.23309271658405,4.485184509014398,12.125203109311748,62.14390367841443,9.856181221982162,74.0698429645005,4693.877335121957,1
75.02468938891813,2554.2798528882618,53.007671322896506,3.455721163249075,11.8929877936517,102.33294634066105,4.459037724447844,58.443571277270536,3709.6180025720732,0
104.76483597714875,2483.3850046777698,57.750241867585075,1.8383450897877056,13.580681864559205,70.26784042652731,6.843773082568713,54.48097096607724,2343.8304413183996,0
86.79016733661737,2395.94157136373,38.72763831679959,2.627630753538116,11.977056687490064,77.90466388756353,7.483982927604782,52.76552327813227,2889.7424887028606,0
89.2580443552135,2435.7312442805346,42.36499590997676,2.2628122270844466,11.85489845670556,89.30013413291204,6.727552574696141,58.742122662002835,3493.8058727829934,0
100.12229238249905,1559.0754772511805,27.86685960463367,2.148253209319758,12.560555952004075,70.64130485659976,6.869879052897615,51.042447101360835,3001.7318841031693,0
73.15916967656553,2225.6375461295193,51.8154754089462,4.174667470268135,13.048471797038733,67.07788266096227,11.742148964616227,73.16286072005127,4405.618160747772,0
95.73614619276076,2546.4224505705574,30.657763589856522,1.3539082448837934,12.386681131191898,59.512629007592025,6.298231821922203,52.09432903967639,1848.7544451739657,0
92.49678312319584,2579.9281959987,41.73420451010103,4.9305370268812485,13.433096436535402,93.65196343486762,12.882443444943828,91.85928192054763,1569.440126273444,0
97.38676896012224,1986.162429537021,31.221579778937247,3.9938756282215473,12.924780529571272,78.45776506328414,8.874253559462105,89.30421006962762,1147.8105585267951,0
94.33752965861727,3132.8539204323506,35.28906538609043,4.309034004724437,10.757430944214855,120.12724110967996,8.184110274623984,42.169130202909905,285.13654351651616,1
126.82950209866341,2066.9125758927494,33.3019005516024,2.44447258556969,12.076426429194393,73.06773921242952,8.952480706775331,61.3940853885856,310.7684254622711,1
80.43390023623026,2984.728600263368,35.13699791459346,2.8200711371050686,12.05052632051864,73.94258771885295,13.059855498503904,46.9868675732761,4363.270446235486,0
82.03504567497274,2713.5971809358425,35.68701837480817,1.2802178225703458,12.883488762743537,78.21528435657518,6.012813992137104,53.46704873622777,3424.126417388946,0
80.65289210362853,2176.8863450780987,35.61384964059938,2.3704051115198363,10.400146354900711,87.91761586166187,5.759164162127222,100.04854935289595,3336.608835638782,1
81.66784321259618,3387.655446304756,46.666671294242455,3.592385817171781,14.539207766974178,79.35755993457626,6.490267606856158,53.84857165768402,3111.7498127809417,0
80.43919309040223,1903.18158412176,31.161097655499837,4.555275674137675,12.924820875915367,92.34798656803014,8.064286293929122,67.20452074154858,4261.173809001114,0
107.83524796661328,2959.577086805001,41.764331416110934,1.671411819837058,12.619101443134152,73.25693932013615,4.548457750374853,70.82642588016557,2453.3079357615743,0
111.30756371984782,3000.291159021489,49.74367321844447,2.561392875617681,13.445254173135318,68.42089937843703,8.044678478637216,39.987412550335186,4365.013059935672,1
81.43880559375785,2164.6898954616777,35.89442908389283,2.8184409357209734,14.3749232422501,63.42142312709071,11.387094266827344,42.8980905118159,1861.2806282929719,0
77.51466640343656,3196.232650032164,34.256648874019184,1.325052957369018,13.196597315670722,58.31710998475364,8.302814781249555,35.87955257183762,4640.866771261543,0
97.07123334579606,2374.9767427005236,38.155802998557995,3.7096190901100803,13.259050477177297,78.78317176629932,7.414629082049446,42.28058532204446,3523.4192023980763,0
81.71665433578544,2644.3468146399287,49.43780166688568,2.131211601908869,12.604552019571505,81.38823625128134,6.763679102632745,2.9993978136563584,1360.1679665196937,0
99.49397726633266,2630.16091938561,41.55286104762686,2.7655315785875714,12.38677939730644,77.4227556702018,9.79702340910313,70.89164801587256,2864.016116274263,0
93.04384531276949,2432.845629264726,35.750285643139215,2.457660753705747,12.11936364479608,99.92086956624594,6.348334453523905,101.0838768251214,2711.8497512924523,0
67.26383827504152,2905.404136579891,43.87101320950432,2.0527937931363907,11.839110406628366,99.73636251529763,11.692791841198495,62.95641478073054,775.7042264786364,0
113.21257801995093,2896.7443602761064,31.18166280130861,2.9915460174233344,11.950388720240403,80.98236415066597,11.866719495428715,31.674622813187852,2997.0902381780093,1
116.93816509643283,1625.7340133809096,45.450876083543584,2.741268505718373,11.419555228525613,63.472946641696446,8.513501597323575,47.14447234200104,1642.449556213094,1
80.80816964273421,3152.1701214390764,43.268858461614144,2.5537705412656013,12.439302839451981,78.19953870333937,7.9769698238467095,50.82246309950006,356.5089573670519,0
84.18447660096024,1668.7540059821629,37.53753223088893,2.125846053983589,11.152265938218891,77.80214327299527,10.061319616483118,39.648304455732486,4748.4151727621675,0
94.28798086087357,3016.2731021708287,33.29131361242215,3.3834296049395465,12.65273321931497,77.1143804526633,10.18959700445465,77.20365276790314,3243.30280841501,0
95.01685184980538,3063.3525684137917,32.906552621732345,4.984340722190742,12.470935513566127,76.62737315322106,6.388016537881169,76.20520088750668,4396.902766167151,0
99.87816409009245,1954.516784892401,44.278538690767284,3.1678646794069527,12.61754823870935,77.15844525130231,6.9468897337265965,36.89096412364681,3412.67442456494,0
120.15306808149525,2294.5928560227076,49.831844019912495,4.195341857893355,12.082294743984006,80.36150060922688,5.355305130633409,74.50162088895016,1849.2200914865534,1
87.34579158758926,1947.147665757032,34.90153802376964,1.331733689815845,14.961488296144402,77.37350681421331,8.818129876668115,90.5362532715453,2612.1715544111757,0
78.0255413319232,2392.5394848556325,43.66709362841188,3.1893137271525234,13.58809272014425,87.4998701035071,9.333255766913782,98.0511641045912,3411.159125701168,0
69.31021157978209,2345.9828579071295,23.30378385118345,1.6831580172347202,11.504365999932222,89.32442459085833,5.300148724277454,117.30424046171925,4805.236393487044,1
79.0360494008712,2889.8302661346697,35.323058154742405,1.2276900869617184,12.686294469941519,74.07225895381012,7.089602190367682,41.96014701113605,1342.9803496963127,0
89.50309540689304,3155.154373059804,39.75152853703278,2.1127543110491565,12.013595085650142,100.2527839120844,5.305492164837302,116.48440852790407,4387.387587258177,0
116.91836795276681,3197.8419053949783,32.722532664145334,4.430279201296288,11.68841621863407,73.23925237791263,6.202400379512325,52.91587222982423,4627.98124594192,1
82.23583051445743,2218.9159867108488,32.50794900168323,4.140018994403575,11.427942343100852,65.58639263421595,9.102034120452599,48.15069089238971,3385.036021828887,0
93.35681927458347,2395.3890631277363,34.65776354824891,3.2916056664652795,12.845773352607402,89.56933685638062,6.533035866643441,66.5414474975569,4663.206474266555,0
89.75365655890872,1658.2809038895248,42.33754182661099,1.1607593281320832,11.954895811944342,75.19110238702793,7.398348087935402,48.358773318139754,2049.6050786391056,0
107.82589910172126,2097.0649667519056,38.501367852749006,2.764463218334476,13.274260819220164,88.85549764908866,4.745376544105369,67.98088281293052,4769.779262598169,0
127.90398638810433,2982.425816548729,22.094150133400223,3.3620400106820827,13.295025771624351,56.15597678679364,8.373980419449328,33.59845624525397,3543.636098113277,1
82.03696840619519,3307.7914117741157,23.03439877891947,3.2106434754943174,13.59913150816916,101.70947129779681,7.911453360310702,55.22494795873131,305.8282603521783,1
82.65840836222667,1882.8255640600391,35.1450785771426,0.787447699823105,11.818090587140716,93.06752089648482,6.542081499933675,85.71164468723359,4543.676875913358,0
105.66241315603608,2203.7678704235527,43.66149268842842,1.9316185823761538,12.880292488553609,66.99428141004398,7.621971404635052,58.85877417137688,2473.9167642626435,0
100.22837234439467,2486.7971215205366,18.019961258198123,2.92310668302154,13.00596337331384,67.25467451384458,8.360589761006889,62.831915734797654,2355.602225411381,1
117.7006098860405,2640.0805794098032,36.002158590786955,3.6435490914206277,12.120657459916828,105.06719084917033,6.370263702181312,69.50517209434624,2875.686369300208,1
98.75892277988946,2095.198240039177,35.79001714786063,0.3646466146800642,11.8825824340857,76.1514411580245,5.047474911996441,83.4132325863532,831.9842791790168,0
84.61061863819411,2712.030522232045,51.10670222566758,2.80545122942417,13.787616532620778,74.98978181520852,11.61114886537363,26.895505756211342,2398.9136379802535,0
98.85982246038463,2263.080326464542,36.91982550629709,3.171658523854743,12.681996700585643,57.807374870208605,6.733454590579455,71.6904810367487,4172.523361916954,0
106.63055370874362,2492.7738645608606,43.063911877927424,4.019534386219456,13.008774200569391,80.79066153278134,7.806479793626221,54.63721721516474,175.86404977382514,0
102.30723271796046,2773.14212400185,41.1300571206997,3.831429101084924,11.842339190537658,82.26736462197097,10.021679470040628,63.33275790623677,1437.2940855894194,0
97.60911046660947,2503.211134905469,22.955468161542395,3.699085582570566,11.524572426782244,93.58591716123382,15.058110375140968,81.19900339524753,112.02747357483668,1
106.00012034383731,2281.8070547367156,46.145657733053895,2.040071391957679,12.044440180406312,68.2110588617863,5.511027100222268,36.11626697176312,2136.9854148342565,0
107.5394338566851,2445.195098037085,41.7231720436503,0.7103974354520308,12.400782890088003,66.75655849311269,8.89965442745302,39.74711117113821,3668.7460014193,0
110.7323848655629,2455.818520397332,44.06614911739672,2.528336691526319,11.64862399454612,90.41155161731773,6.584895429411787,21.291400805723875,4013.9819626616795,1
99.73064831384464,2314.9944850589363,71.40990165149061,4.201958190250272,12.492124153079693,97.08076085472477,6.922419390846578,49.01682116472447,4731.4298295223325,0
87.49322879524719,2370.601968666449,23.327096484011292,4.672145433029318,11.1491958495452,66.1461717865854,6.55957595798642,86.60864688757633,3081.672603556854,1
92.20070529649985,3299.3235852523585,53.79757319808887,3.8526589227573425,11.603962062024102,97.97816903559689,5.74869006439883,57.58825623053061,1347.6716465991879,0
108.09763449762535,2780.4597239706195,37.70041984479715,3.5152089873620813,13.0367289986215,85.45050209784186,7.917417276430677,33.19750208690429,4628.324950769825,0
77.74596493519147,2352.25984098542,42.29863123522407,3.4555675780631585,12.983032416222315,98.10166406889574,5.050994625903529,50.28642510849906,3899.0471940138427,0
95.53009963309351,2848.477202255368,39.635902037590064,2.3326575038870634,12.186498587690506,84.1573556617886,9.89361513302374,30.24276593018754,2914.6995667154083,0
84.09991781508958,2333.090255121995,36.60610933281565,2.843927647735656,11.685788552738437,54.7326649901446,8.110005872066749,37.49627796537676,3508.6370570227864,0
90.43117234402226,3086.5623187933206,35.44133657408993,5.002883430991597,11.67807715877919,83.17639141220754,8.84486994580288,67.77637820527427,4629.150139536403,1
109.17677793910948,2684.821096099047,42.636069884584074,1.8689303930497485,12.201385403246949,97.72172582405524,7.067622776107554,36.52253347387942,3590.730739517316,0
92.86648602029855,2446.3489279978858,27.862610426626567,4.937734548851822,13.015614793316233,74.27504777099543,7.265592131576503,82.25268610406604,1905.0350871651965,0
90.69654822234223,2723.858462905139,46.004633340174124,2.6135662146095298,13.24259655307546,80.34442037311058,8.575127810334656,58.57759418339328,3593.8381912165737,0
69.60215788530121,1714.5619239657503,36.67044476091797,4.590518530914094,12.102774611614425,82.88639795738825,5.671898735188349,61.71189407889051,297.3629974034005,0
101.19380349040831,1936.6162655450973,30.959445287677138,1.311821988602954,11.577206059212173,50.20583344157822,7.284019131173328,54.43254064784212,1993.436252969848,0
99.68226271711613,1903.0374968004721,36.39989713603349,3.703085041397579,12.714274910293067,105.05617090524972,6.280772972243092,75.45695677087446,2090.9828560433384,1
122.4488208495819,2571.4715473818533,50.05719373490058,2.1158758368628536,11.84117202349932,74.1834918412339,6.218862378817971,75.66319775554021,917.50734866209,1
85.38332647570499,3366.257499742546,35.71731930387021,1.301679369690975,12.085397888911038,91.06882518967359,3.780323518748717,66.70108703824343,213.11885470367386,0
93.28725491495908,3615.650073096316,42.86762894567696,3.262240850893135,13.56022087234963,83.9595863662215,10.67865317896,71.29578211815296,753.5680595249398,0
93.74075525566133,2819.0255507203788,34.15234979427621,4.211366146315163,13.161692342852614,100.09142867631232,6.6269224936924624,55.75820660159149,3307.64532940557,0
113.66179919645211,2750.4222374722285,46.06337479938895,1.9860702736878044,12.626379449801162,89.87267346913697,10.3267521103271,70.84406013818096,4031.215200182069,1
88.57056701419572,1599.4711329236306,45.484061910321635,1.2011808474499186,11.482464799109822,82.18090874174831,10.137584642788585,53.242444490523866,4942.197114362173,0
94.18532288655508,2228.6631001329893,54.788870666371295,2.889786282798054,12.669117253976527,74.27781888976864,5.428000586967013,60.04463244324804,1797.181165231622,0
99.11844764574809,2106.1081240458807,38.59548843600628,2.8950776054673826,13.35012583263002,94.57420841658566,5.823177528654309,54.50712501267405,3036.9581890793984,0
92.79913684734537,2189.576200874442,45.34923843806325,3.6579835530653986,12.199493067387571,62.5187043525446,13.121005918711369,50.85562921361608,4692.010337394097,0
83.30349578174207,2415.9280907076054,40.784540316311556,4.139513485637385,13.580891271989373,92.75068504331071,11.501851883854286,46.217764045564195,918.5047285569478,0
92.91134989347461,2263.954711151436,50.366974254904115,2.928701782473007,13.534196231614565,71.81146298134152,7.936962973343792,69.3538020771777,3616.463373079439,0
106.10447624789659,1510.3500948121061,34.24934089913016,5.226603977753116,13.83098626571478,100.02740394347968,8.514746212834698,86.21211825626926,3799.3957924308997,1
74.6022705088341,2873.955128058767,45.96004250301825,3.26908169344235,12.744194501225083,86.93559451195235,6.738307194105623,83.42203943339119,535.980125759758,0
91.99454511220314,1963.6284871300968,38.442421631066544,2.5842881927917203,12.96991335984481,92.7294852142013,8.86470542840068,34.868693281091296,4320.1219873970185,0
79.4981877759124,2619.623432055575,39.48649458313202,1.0661191690766065,13.631349830664872,85.98386576589664,6.565636198555057,85.78406102813747,4084.214730843135,0
107.92569943387264,3537.0413348749867,40.73401987558698,2.6848085756205986,12.857915149655181,63.97147485830804,3.9352924714032307,53.636829967641425,263.6747322294288,0
67.15219642824337,2040.3077042067882,42.01792317141342,2.5963356655066363,12.09901271376783,74.67125003925594,5.356888426977898,72.01466030291184,546.3136329122522,0
81.61617229092617,1234.8562386268352,39.070167655024335,4.152365755537764,12.141165730777711,93.06867205133659,8.042185495701174,41.87569335905578,340.72178007007636,0
95.65817812596781,2356.9978890599446,41.71770546536421,3.5549803488802247,12.690843963018992,86.99986980831812,5.737865528994824,62.83959827748011,1740.243305816875,0
113.4828604385151,3050.4798174992857,52.624944460497474,1.5847570540408593,11.467550862443025,99.17187886366807,7.865445070172931,66.27446365793814,2595.5160543316383,1
89.01374608390519,3479.173727110297,47.88359748492175,3.206705263693245,12.385392867708646,89.83929475644607,5.850677921134274,30.307904161606945,2708.5038669776814,0
81.67200709960203,1885.2252027737916,46.953236739975175,3.805837406074864,13.377237694584203,73.39957731156808,6.435292154996013,72.16534332688379,1411.567122870269,0
118.21735604160885,2748.349611618261,36.355683791809035,4.8336376312653995,10.746996919067776,75.44723034735239,9.706330612826383,86.9187001567663,4566.824744145343,1
68.27979149375633,2267.344771609973,32.88607337417341,4.065004760896871,13.727585681435611,86.23500868627885,8.494961095280209,56.507041086367444,1904.4876703723746,0
57.017910650698774,2447.025822847932,47.642404465902025,3.9130159851737734,13.397899374962527,57.23147120799874,7.980671157373306,87.20336261656026,323.19576423022727,0
96.60021675079999,3822.1716735085174,47.008374340238355,3.0721031935381964,12.13218830733562,105.08130262747582,9.757927946141303,56.20613013095185,1571.1128465527931,1
82.46918663471084,1748.5148358024235,51.78136540600786,3.4659744065081397,12.934712662297448,90.30096083653069,8.961217186694695,76.99169062093235,2702.436170466362,0
74.6815077430393,2626.869830747287,35.168154992246166,4.499405880847391,12.502518181525062,99.72441516458647,10.893126582502735,15.62860068097801,2100.286930682337,0
100.6253467094903,2733.8465858827167,38.163610757117226,1.4006671230244203,13.483992294750946,66.03275271028997,7.08028147536972,108.37555558626927,1441.82834358637,0
93.65701070656799,3042.8931624696734,26.884126699796525,2.5806728073396528,13.286146514215954,99.93478192426306,7.140730042944982,89.90916490485914,743.4839238451553,0
81.53882053894907,2548.991576735448,36.86023115151302,2.072917501492511,11.379943421453593,111.77798693233298,5.3977814672173094,54.30748991492642,4113.906050471525,1
70.79543401993658,2654.0252697520514,47.97256408463558,3.4549837424713488,12.96980993077134,69.14945973547219,7.14203856525516,20.558219467123642,4981.11168640854,0
103.08685992420217,2304.1757162891045,36.268036966174414,4.476266610780945,12.335497717085403,94.2568215388452,9.929539788604892,65.76056736610978,1714.756454267022,0
99.75301766937991,2634.5634706225537,45.12383836160659,2.283630855934711,12.56626605641448,85.01331933624752,10.599974744524268,31.121489058524862,1969.9431164653593,0
88.51236204330925,2328.403862251295,38.47597515201751,0.13163475903667443,11.917462479224147,66.46679382102107,9.920610336173336,68.89707075114976,3128.3838709170896,0
117.69955494071499,2810.7859449280254,42.59245622577249,2.505335105970636,13.898509655296667,90.91460766222244,4.411616266901127,68.23131438328564,3620.3632262041524,1
73.94872850510771,2315.194831978183,30.81846888147466,4.096168478420887,13.33204945592206,95.00323845804817,10.166290425321469,41.1719366199595,2020.9447205375973,0
67.11712243612891,2688.5501969510933,40.681675597071205,3.6451558835398554,11.908183068821627,77.78648136797383,4.322962753455858,82.41934047228756,4534.154633210895,0
79.62137895178134,2485.368593157511,16.070912232794214,3.5138234973726914,11.432311514471813,98.99099824306268,9.796234648244695,76.11149405612346,2844.0195472217,1
89.31620975466754,3063.0251253860843,38.50483073470412,2.6640080377506243,12.19146189521772,64.99883911852963,7.26443094685789,79.51646674577127,2306.9113743890616,0
93.65009173984038,2474.303138205757,26.95621405027888,1.4651631165362564,12.847602116873045,67.06292624260428,9.405066627867711,60.177154073377906,3268.696490483535,0
86.38145913215506,1613.4837658965594,49.64795613237453,3.6183531859493607,12.69216467515698,86.63916874706503,5.335103304210868,31.68951866172587,4768.738856420949,0
95.28083094771445,3130.960750356996,46.21925882211609,1.9988618279584502,13.502506259814595,85.30462333566726,10.342335265412293,79.55744544422275,3993.306242666357,0
71.22690863714334,2047.1338495686905,43.733367855728645,5.620916080056547,13.131935777744681,76.40111813891073,5.0700505077902225,54.592572017284176,296.0643396221093,1
111.65646906109889,2173.11683067559,52.16804981727504,3.684608650025419,13.275655220602326,94.71513323166263,6.663090178293645,32.20439713614662,1728.3185626258023,1
88.76773232411146,2202.1693529782538,32.4086678334013,2.3032220369352587,12.76148432048835,91.37073177059139,6.00381074446193,87.04078731948653,2405.6689562609913,0
106.75943747382192,3187.2190465854087,53.97890558332446,2.266337703133646,11.388561015831208,95.29766885120819,4.491430294355002,101.9881504100502,1641.1361038246157,0
95.14088019566556,1432.1628930106522,47.45753251408308,2.888466952063694,12.343441175082479,83.52236277577279,8.189055135176936,59.17503742041594,3530.919048069237,0
96.85129828730676,4068.874266829997,38.10755770224843,2.7125976935739002,13.348071791926932,92.23096321574009,11.612178235673923,103.18242309206583,4148.718834326647,0
98.54650920348305,3028.028404533026,49.084961177463555,4.340200530635945,12.458781657180284,79.65219636364006,13.333810444640019,61.82629457222699,3683.590966407831,0
96.71562840025973,2611.61945706458,31.149651900706928,3.2236994036928555,12.902472294898997,109.64582428103915,8.194311574172495,52.390881916672974,4947.733105458548,1
99.64084139801315,2472.5529996918567,33.40388670777861,2.1220419133097663,12.245001347803093,75.24945075853617,10.233362550135045,47.39083091629045,1435.4834746758427,0
109.93728795198646,2642.7770374288284,35.1312822140824,5.268528822186939,11.676150521166523,110.26356915349974,8.464189275857075,92.74164815985485,4387.448525619665,1
92.94781754552206,2760.561214189669,35.768178335487875,3.059169997824267,12.40132474876311,85.41865536507291,8.997766389536425,44.39712237224457,3856.451059354982,0
100.63505636382769,2822.6077929750286,31.547538857917978,3.922607611162676,12.747237954426122,68.49386932517508,7.315702697745523,74.70538619949974,1874.6759120349159,0
88.6539645856916,2777.8022330017243,49.7846645367626,2.2701281910662887,11.975449824430845,101.41695220586321,8.390153850845204,48.81672329881583,3697.2102639191467,0
111.6017582317421,2544.7903406276246,37.929164797041345,3.4357387532934283,12.311431004114665,86.51081666073951,9.074957409212857,50.79386474851274,609.9721864494102,1
79.85411546911095,2401.3307898463368,42.82003974685504,3.373331989371834,11.748429406411214,95.21348918056286,6.843080542247337,80.60499387939134,3967.7340634687066,0
117.01410649366224,2424.3633581732443,35.43718906869056,0.7324208494846167,13.395395934051276,99.68627102251112,7.845011400214024,52.399263074212925,2708.419952676803,1
89.39763074033485,2402.5458598236596,25.435173595611865,5.418330132552768,12.264435393929572,89.05546664974031,7.883139762005023,51.904092411594135,1532.2218462753406,1
68.53837346822928,3066.885048433532,42.160458867131375,4.548773353107056,13.662204436100946,77.89310986224622,9.652806634661049,82.65609394349615,3313.308778742483,0
91.92156622366184,2796.778361140431,24.701960196641785,2.5233656206248147,13.722998280432726,96.708560532031,5.867935656744638,91.94794586443246,3243.9379937006042,1
79.78422513787679,1029.8056826678599,39.450927631316254,1.6772763114529734,12.435163228222605,85.00906608945515,7.896915582784697,72.89379606568467,1126.4824913260386,0
102.60965323483086,2827.9503882648805,29.053479689337514,3.4170739365642624,11.69324101396212,93.23029382330103,11.824010938105395,46.90460448752101,248.94733257647806,0
80.21064031046413,2597.3680973593873,55.89820799384646,3.1040372392972757,10.83128169781333,59.155233114502465,10.328120305171876,49.78783001404841,2224.750675818202,1
83.3072485017783,2490.6456217770515,47.29090177739777,3.4268027382758754,11.322370341578567,90.36378060411822,10.69835809777741,61.59830527480075,2890.608159787664,0
61.65688903581703,2305.7407734555572,40.84603033017184,3.2298928754329075,11.400932140081071,77.33697009825964,8.04886368035607,66.41860123851315,4395.365864015932,0
83.21540521126386,3062.0563599930065,50.10965342123735,3.6074891871671113,13.602775701969204,104.83971564614237,8.641995127372047,40.24268179720456,4648.262298673212,0
53.64181010056565,2973.763231061429,33.229472180274115,4.736766839270167,12.592659669781558,92.47704817466914,10.00447233340585,74.46075879159727,2691.145568968155,0
66.24145764771416,2113.5611660881955,44.347835029360745,3.6817238461543753,12.811683619273591,87.87829295019156,11.120511059061862,61.71026659279198,3793.63707046587,0
101.40621984216446,2703.5261435622674,41.59848346974971,1.7404134013080708,10.723663192851898,90.83571992020266,4.096794174234226,25.685833627237415,2252.586034407185,1
101.78700237976248,2014.171632729357,42.11216065066936,4.635075423254943,11.541626856626191,73.01870976547939,5.369117385900308,41.42147035078539,3755.802567207176,0
96.38186342677447,1810.1909176055347,50.17882800085414,4.968737476185945,13.20966382115703,104.47908028633665,10.618888202805296,49.91742652696672,1103.527472201918,0
75.4953578530618,2186.641387705017,45.85993682223842,6.7824680814145015,12.729419289906069,108.89644502100285,7.446221288462393,58.5428462231789,1918.2172005373038,1
89.2843296578703,2931.1967361913794,42.30978930260019,1.6518071601124824,12.382235777051521,89.7149621265786,6.656558421483846,97.78557591007993,3207.7171941867127,0
89.94596191364147,2976.5625226880434,26.76090051017363,3.29145841578033,12.951873886880097,104.08484282288367,5.491678026008792,64.76342612279257,188.97403147468629,0
72.62452966211185,2756.5427100486463,32.319629637764294,0.5014815561732155,13.808638244908652,78.17022161592959,6.889966596911782,43.1845622020275,3640.0604206608746,0
112.55097452650726,2862.5478934239986,39.018328531234204,3.663778987655051,12.323166029170359,75.43463720530023,5.19526143315235,64.41261608614326,4194.123956214017,1
103.16043435863507,2758.089143557479,40.74697899421321,2.342159642199873,12.555495842126456,85.49109698474707,12.182188545464953,52.95824505092238,2055.7941393603624,0
86.68553739255503,2179.259202388524,30.95837020260861,5.308134953789944,12.654077534985044,90.21929246041478,7.955127896038853,66.49516479067084,2294.917844168105,1
90.40328758491796,2715.9612723369705,59.29341340462737,2.0704620359777017,14.413687708219195,80.27215982508255,7.8840989164745645,71.6113537407123,4271.282839861002,0
93.12574211921329,2900.204762613841,52.13115244202858,0.9729803544392861,10.82051498846478,91.45321828442181,9.176153350335664,84.18461294447876,3900.7077130975636,1
59.37397697363564,2877.1456649067873,44.816946563139865,2.4344835111569765,13.046578411831046,88.67667378488096,9.92469033853314,59.51427008659948,1511.9324962635376,0
86.29233926219105,3094.4566857373215,40.576294890269956,0.6294146745394351,12.40815820099275,73.02031869650735,9.891776313109279,92.77921055199667,1687.4829221515408,0
79.77023628003302,2854.151923600532,38.302328240790786,3.901319345408772,12.953417380947343,91.22551620942066,10.147243887815144,78.16045325072383,3426.5033387139233,0
74.97569985157627,2675.7241037707913,32.384652319822116,0.5219003444924155,11.97410195680422,95.36233891025826,6.738308898418287,45.85120910375625,2859.67065299599,0
85.78349560671067,3035.075119158214,40.619844148150904,3.0341490974197907,12.46082797531324,87.05763181108469,7.404266390086278,104.19711331496927,894.924898372835,0
116.96529790274283,2486.73937037547,42.06202032114201,0.5066258161725639,13.069128463572396,98.83177723914031,9.538063310884551,66.53989026540195,1618.6565552229154,1
99.61264291900514,2059.062674386141,30.065915396147005,2.6156426345560297,14.990328160835073,70.39115447803658,6.94522187672076,43.2975099205553,4509.918056705405,0
81.43231515325805,2418.466518028118,42.67341133795918,4.972053786965441,13.146428951521656,90.61540506558222,7.98978673594555,93.05826102460844,3472.0547399390907,0
98.58874172034238,2127.5486775967756,38.75792760940201,3.432777469722954,11.821547521575592,70.9566315232387,8.797527528849628,101.55555170396889,4931.274156659046,0
